symbol,asOfDate,periodType,currencyCode,AccountsPayable,AccountsReceivable,AccruedInterestReceivable,AccumulatedDepreciation,AdditionalPaidInCapital,AllowanceForDoubtfulAccountsReceivable,AvailableForSaleSecurities,BuildingsAndImprovements,CapitalLeaseObligations,CapitalStock,CashAndCashEquivalents,CashCashEquivalentsAndShortTermInvestments,CashEquivalents,CashFinancial,CommercialPaper,CommonStock,CommonStockEquity,ConstructionInProgress,CurrentAccruedExpenses,CurrentAssets,CurrentCapitalLeaseObligation,CurrentDebt,CurrentDebtAndCapitalLeaseObligation,CurrentDeferredAssets,CurrentDeferredLiabilities,CurrentDeferredRevenue,CurrentLiabilities,CurrentProvisions,DefinedPensionBenefit,DerivativeProductLiabilities,DividendsPayable,DuefromRelatedPartiesCurrent,DuefromRelatedPartiesNonCurrent,DuetoRelatedPartiesCurrent,EmployeeBenefits,FinancialAssets,FinancialAssetsDesignatedasFairValueThroughProfitorLossTotal,FinishedGoods,ForeignCurrencyTranslationAdjustments,GainsLossesNotAffectingRetainedEarnings,Goodwill,GoodwillAndOtherIntangibleAssets,GrossAccountsReceivable,GrossPPE,HedgingAssetsCurrent,HeldToMaturitySecurities,IncomeTaxPayable,InterestPayable,InventoriesAdjustmentsAllowances,Inventory,InvestedCapital,InvestmentinFinancialAssets,InvestmentsAndAdvances,InvestmentsinAssociatesatCost,LandAndImprovements,Leases,LineOfCredit,LoansReceivable,LongTermCapitalLeaseObligation,LongTermDebt,LongTermDebtAndCapitalLeaseObligation,LongTermEquityInvestment,LongTermProvisions,MachineryFurnitureEquipment,MinorityInterest,NetDebt,NetPPE,NetTangibleAssets,NonCurrentAccountsReceivable,NonCurrentAccruedExpenses,NonCurrentDeferredAssets,NonCurrentDeferredLiabilities,NonCurrentDeferredRevenue,NonCurrentDeferredTaxesAssets,NonCurrentDeferredTaxesLiabilities,NonCurrentNoteReceivables,NonCurrentPensionAndOtherPostretirementBenefitPlans,NonCurrentPrepaidAssets,NotesReceivable,OrdinarySharesNumber,OtherCurrentAssets,OtherCurrentBorrowings,OtherCurrentLiabilities,OtherEquityAdjustments,OtherEquityInterest,OtherIntangibleAssets,OtherInventories,OtherInvestments,OtherNonCurrentAssets,OtherNonCurrentLiabilities,OtherPayable,OtherProperties,OtherReceivables,OtherShortTermInvestments,Payables,PayablesAndAccruedExpenses,PensionandOtherPostRetirementBenefitPlansCurrent,PreferredSharesNumber,PreferredStock,PreferredStockEquity,PrepaidAssets,Properties,RawMaterials,Receivables,RestrictedCash,RetainedEarnings,ShareIssued,StockholdersEquity,TangibleBookValue,TaxesReceivable,TotalAssets,TotalCapitalization,TotalDebt,TotalEquityGrossMinorityInterest,TotalLiabilitiesNetMinorityInterest,TotalNonCurrentAssets,TotalNonCurrentLiabilitiesNetMinorityInterest,TotalTaxPayable,TradeandOtherPayablesNonCurrent,TreasurySharesNumber,TreasuryStock,UnrealizedGainLoss,WorkInProcess,WorkingCapital
AAPL,2021-09-30,12M,USD,,,,,,,,,11803000000.0,,,,,,,,,,,,1528000000.0,,,,,,,,,,,,,,,,,,,,,,,,,,,,,,,,,,,,,,10275000000.0,,,,,,,,,,,,,,,,,,,,,,,,,,,,,127877000000.0,,,,10087000000.0,,,,,,,,,,,,,,,,,,,,,,,,,,,24689000000.0,,,,,
AAPL,2022-09-30,12M,USD,64115000000.0,28184000000.0,,-72340000000.0,,,120805000000.0,,12411000000.0,64849000000.0,23646000000.0,48304000000.0,5100000000.0,18546000000.0,9982000000.0,64849000000.0,50672000000.0,,,135405000000.0,1663000000.0,21110000000.0,22773000000.0,,7912000000.0,7912000000.0,153982000000.0,,,,,,,,,,,,,-11109000000.0,,,,114457000000.0,,,6552000000.0,,,4946000000.0,170741000000.0,120805000000.0,120805000000.0,,22126000000.0,11271000000.0,,,10748000000.0,98959000000.0,109707000000.0,,,81060000000.0,,96423000000.0,42117000000.0,50672000000.0,,,15375000000.0,,,15375000000.0,,,,,,15943425000.0,21223000000.0,11128000000.0,52630000000.0,-11109000000.0,,,,120805000000.0,39053000000.0,21737000000.0,,10417000000.0,32748000000.0,24658000000.0,70667000000.0,70667000000.0,,,,,,0.0,,60932000000.0,,-3068000000.0,15943425000.0,50672000000.0,50672000000.0,,352755000000.0,149631000000.0,132480000000.0,50672000000.0,302083000000.0,217350000000.0,148101000000.0,6552000000.0,16657000000.0,,,,,-18577000000.0
AAPL,2023-09-30,12M,USD,62611000000.0,29508000000.0,,-70884000000.0,,,100544000000.0,,12842000000.0,73812000000.0,29965000000.0,61555000000.0,1606000000.0,28359000000.0,5985000000.0,73812000000.0,62146000000.0,,,143566000000.0,1575000000.0,15807000000.0,15807000000.0,,8061000000.0,8061000000.0,145308000000.0,,,,,,,,,,,,,-11452000000.0,,,,114599000000.0,,,8819000000.0,,,6331000000.0,173234000000.0,100544000000.0,100544000000.0,,23446000000.0,12839000000.0,,,11267000000.0,95281000000.0,95281000000.0,,,78314000000.0,,81123000000.0,43715000000.0,62146000000.0,,,17852000000.0,,,17852000000.0,,,,,,15550061000.0,14695000000.0,9822000000.0,50010000000.0,-11452000000.0,,,,,46906000000.0,34391000000.0,,10661000000.0,31477000000.0,31590000000.0,71430000000.0,71430000000.0,,,,,,0.0,,60985000000.0,,-214000000.0,15550061000.0,62146000000.0,62146000000.0,,352583000000.0,157427000000.0,111088000000.0,62146000000.0,290437000000.0,209017000000.0,145129000000.0,8819000000.0,15457000000.0,0.0,,,,-1742000000.0
AAPL,2024-09-30,12M,USD,68960000000.0,33410000000.0,,-73448000000.0,,,91479000000.0,,,83276000000.0,29943000000.0,65171000000.0,2744000000.0,27199000000.0,9967000000.0,83276000000.0,56950000000.0,,,152987000000.0,,20879000000.0,20879000000.0,,8249000000.0,8249000000.0,176392000000.0,,,,,,,,,,,,,-7172000000.0,,,,119128000000.0,,,26601000000.0,,,7286000000.0,163579000000.0,91479000000.0,91479000000.0,,24690000000.0,14233000000.0,,,,85750000000.0,85750000000.0,,,80205000000.0,,76686000000.0,45680000000.0,56950000000.0,,,19499000000.0,,,19499000000.0,,,,,,15116786000.0,14287000000.0,10912000000.0,44024000000.0,-7172000000.0,,,,,55335000000.0,45888000000.0,,,32833000000.0,35228000000.0,95561000000.0,103240000000.0,,,,,,0.0,,66243000000.0,,-19154000000.0,15116786000.0,56950000000.0,56950000000.0,,364980000000.0,142700000000.0,106629000000.0,56950000000.0,308030000000.0,211993000000.0,131638000000.0,26601000000.0,9254000000.0,,,,,-23405000000.0
AAPL,2025-09-30,12M,USD,69860000000.0,39777000000.0,,-76014000000.0,,,77723000000.0,,,93568000000.0,35934000000.0,54697000000.0,7667000000.0,28267000000.0,7979000000.0,93568000000.0,73733000000.0,,8919000000.0,147957000000.0,,20329000000.0,20329000000.0,,9055000000.0,9055000000.0,165631000000.0,,,,,,,,,,,,,-5571000000.0,,,,125848000000.0,,,13016000000.0,,,5718000000.0,172390000000.0,77723000000.0,77723000000.0,,27337000000.0,15091000000.0,,,,78328000000.0,78328000000.0,,,83420000000.0,,62723000000.0,49834000000.0,73733000000.0,,,20777000000.0,,,20777000000.0,,,,,,14773260000.0,14585000000.0,12350000000.0,44452000000.0,-5571000000.0,,,,,62950000000.0,41549000000.0,,,33180000000.0,18763000000.0,82876000000.0,91795000000.0,,,,,,0.0,,72957000000.0,,-14264000000.0,14773260000.0,73733000000.0,73733000000.0,,359241000000.0,152061000000.0,98657000000.0,73733000000.0,285508000000.0,211284000000.0,119877000000.0,13016000000.0,,,,,,-17674000000.0
ADBE,2021-11-30,12M,USD,,,,,,,,,,,,,,,,,,,,,,,,,,,,,,,,,,,,,,,,,,,,,,,,34000000.0,,,,,,,,,,,,,,,,,,279000000.0,,,,,,,,,5000000.0,,,,,,,,,,,,,,,,40000000.0,,,,,,,,,,993000000.0,,,,,,,,,,,,,,,,,,,,,,,
ADBE,2022-11-30,12M,USD,379000000.0,2065000000.0,,-1569000000.0,9868000000.0,-23000000.0,,902000000.0,504000000.0,0.0,4236000000.0,6096000000.0,3579000000.0,657000000.0,,0.0,14051000000.0,675000000.0,643000000.0,8996000000.0,87000000.0,500000000.0,587000000.0,,5297000000.0,5297000000.0,8128000000.0,106000000.0,,,,,,,,,,,,-293000000.0,12787000000.0,14236000000.0,2088000000.0,3884000000.0,,,75000000.0,,,,18180000000.0,,,,144000000.0,259000000.0,,,417000000.0,3629000000.0,4046000000.0,,,1497000000.0,,,2315000000.0,-185000000.0,,,777000000.0,117000000.0,117000000.0,777000000.0,,,,,,462000000.0,835000000.0,500000000.0,439000000.0,-293000000.0,,1449000000.0,,,841000000.0,293000000.0,,407000000.0,,1860000000.0,571000000.0,1214000000.0,485000000.0,,0.0,,,0.0,,2065000000.0,,28319000000.0,601000000.0,14051000000.0,-185000000.0,,27165000000.0,17680000000.0,4633000000.0,14051000000.0,13114000000.0,18169000000.0,4986000000.0,192000000.0,530000000.0,139000000.0,23843000000.0,,,868000000.0
ADBE,2023-11-30,12M,USD,314000000.0,2224000000.0,,-1731000000.0,11586000000.0,-16000000.0,,1660000000.0,446000000.0,0.0,7141000000.0,7842000000.0,6523000000.0,618000000.0,,0.0,16518000000.0,2000000.0,679000000.0,11084000000.0,73000000.0,,73000000.0,,5837000000.0,5837000000.0,8251000000.0,111000000.0,,,,,,,,,,,,-285000000.0,12805000000.0,13893000000.0,2240000000.0,4119000000.0,,,85000000.0,,,,20152000000.0,,,,163000000.0,275000000.0,,,373000000.0,3634000000.0,4007000000.0,,,1661000000.0,,,2388000000.0,2625000000.0,,,1191000000.0,113000000.0,113000000.0,1191000000.0,,,,,,455000000.0,1018000000.0,,495000000.0,-285000000.0,,1088000000.0,,,1223000000.0,376000000.0,,358000000.0,,701000000.0,521000000.0,1200000000.0,535000000.0,,0.0,,,0.0,,2224000000.0,,33346000000.0,601000000.0,16518000000.0,2625000000.0,,29779000000.0,20152000000.0,4080000000.0,16518000000.0,13261000000.0,18695000000.0,5010000000.0,207000000.0,514000000.0,146000000.0,28129000000.0,,,2833000000.0
ADBE,2024-11-30,12M,USD,361000000.0,2072000000.0,,-1655000000.0,13419000000.0,-14000000.0,,1628000000.0,428000000.0,0.0,7613000000.0,7886000000.0,6826000000.0,787000000.0,,0.0,14105000000.0,27000000.0,176000000.0,11232000000.0,75000000.0,1499000000.0,1574000000.0,,6131000000.0,6131000000.0,10521000000.0,141000000.0,,,,,,,,,,,,-201000000.0,12788000000.0,13570000000.0,2086000000.0,3872000000.0,,,119000000.0,,,,19733000000.0,,,,163000000.0,222000000.0,,,353000000.0,4129000000.0,4482000000.0,,,1551000000.0,,,2217000000.0,535000000.0,,,1657000000.0,128000000.0,128000000.0,1657000000.0,,,,,,441000000.0,1274000000.0,1499000000.0,603000000.0,-201000000.0,,782000000.0,,,1554000000.0,446000000.0,,281000000.0,,273000000.0,675000000.0,851000000.0,1221000000.0,,0.0,,,0.0,,2072000000.0,,38470000000.0,601000000.0,14105000000.0,535000000.0,,30230000000.0,18234000000.0,6056000000.0,14105000000.0,16125000000.0,18998000000.0,5604000000.0,314000000.0,548000000.0,160000000.0,37583000000.0,,,711000000.0
ADBE,2025-11-30,12M,USD,417000000.0,2344000000.0,,-1728000000.0,15361000000.0,-13000000.0,,1646000000.0,438000000.0,0.0,5431000000.0,6595000000.0,4720000000.0,711000000.0,,0.0,11623000000.0,37000000.0,197000000.0,10163000000.0,77000000.0,,77000000.0,,6905000000.0,6905000000.0,10200000000.0,137000000.0,,,,,,,,,,,,-245000000.0,12857000000.0,13352000000.0,2357000000.0,3913000000.0,,,153000000.0,,,,17833000000.0,,,,161000000.0,250000000.0,,,361000000.0,6210000000.0,6571000000.0,,,1507000000.0,,779000000.0,2185000000.0,-1729000000.0,,,2186000000.0,125000000.0,125000000.0,2186000000.0,,,,,,413000000.0,1224000000.0,,714000000.0,-245000000.0,,495000000.0,,,1610000000.0,508000000.0,,312000000.0,,1164000000.0,825000000.0,1022000000.0,1345000000.0,,0.0,,,0.0,,2344000000.0,,45354000000.0,601000000.0,11623000000.0,-1729000000.0,,29496000000.0,17833000000.0,6648000000.0,11623000000.0,17873000000.0,19333000000.0,7673000000.0,408000000.0,469000000.0,188000000.0,48847000000.0,,,-37000000.0
AMZN,2021-12-31,12M,USD,,,,,,,,,,,,,,,,,,,,,,,,,,,,,,,,,,,,,,32640000000.0,,,,,,,,,,,,,,,,,81104000000.0,,,,,,,,,128683000000.0,,12524000000.0,,,,,,,,,,,,,,,,,,,,,,,,,,,,,,,,,,,,,,,,,,,,,,,,,,,,,,,,,,
AMZN,2022-12-31,12M,USD,79600000000.0,42360000000.0,,-97015000000.0,75066000000.0,-1400000000.0,,,72968000000.0,108000000.0,53888000000.0,70026000000.0,,,,108000000.0,146043000000.0,30020000000.0,62566000000.0,146791000000.0,,,,,13227000000.0,13227000000.0,155393000000.0,,,,,,,,,,,,,-4487000000.0,20288000000.0,26385000000.0,43760000000.0,349853000000.0,,,,,-2800000000.0,34405000000.0,213193000000.0,,,,91650000000.0,,,,72968000000.0,67150000000.0,140118000000.0,,,,,13262000000.0,252838000000.0,119658000000.0,,,,,,,,,,,,10242000000.0,,,,-4487000000.0,,6097000000.0,37205000000.0,,36661000000.0,21121000000.0,,228183000000.0,,16138000000.0,79600000000.0,142166000000.0,,,0.0,,,91650000000.0,,42360000000.0,,83193000000.0,10757000000.0,146043000000.0,119658000000.0,,462675000000.0,213193000000.0,140118000000.0,146043000000.0,316632000000.0,315884000000.0,161239000000.0,,,515000000.0,7837000000.0,,,-8602000000.0
AMZN,2023-12-31,12M,USD,84981000000.0,52253000000.0,,-120111000000.0,99025000000.0,-1700000000.0,,,77297000000.0,109000000.0,73387000000.0,86780000000.0,,,,109000000.0,201875000000.0,28840000000.0,64709000000.0,172351000000.0,,,,,15227000000.0,15227000000.0,164917000000.0,,,,,,,,,,,,,-3040000000.0,22789000000.0,30476000000.0,53953000000.0,396801000000.0,,,,,-3000000000.0,33318000000.0,260189000000.0,,,,105293000000.0,,,,77297000000.0,58314000000.0,135611000000.0,,,,,,276690000000.0,171399000000.0,,,,,,,,,,,,10383000000.0,,,,-3040000000.0,,7687000000.0,36318000000.0,,48337000000.0,25451000000.0,,262668000000.0,,13393000000.0,84981000000.0,149690000000.0,,,0.0,,,105293000000.0,,52253000000.0,,113618000000.0,10898000000.0,201875000000.0,171399000000.0,,527854000000.0,260189000000.0,135611000000.0,201875000000.0,325979000000.0,355503000000.0,161062000000.0,,,515000000.0,7837000000.0,,,7434000000.0
AMZN,2024-12-31,12M,USD,94363000000.0,55451000000.0,,-141390000000.0,120864000000.0,-2000000000.0,,,78277000000.0,111000000.0,78779000000.0,101202000000.0,,,,111000000.0,285970000000.0,46636000000.0,66965000000.0,190867000000.0,,,,,18103000000.0,18103000000.0,179431000000.0,,,,,,,,,,,,,-34000000.0,23074000000.0,31676000000.0,57451000000.0,470196000000.0,,,,,-3000000000.0,34214000000.0,338593000000.0,,,,,,,,78277000000.0,52623000000.0,130900000000.0,,,,,,328806000000.0,254294000000.0,,,,,,,,,,,,10593000000.0,,,,-34000000.0,,8602000000.0,37214000000.0,,73545000000.0,28593000000.0,,300521000000.0,,22423000000.0,94363000000.0,161328000000.0,,,0.0,,,123039000000.0,,55451000000.0,,172866000000.0,11108000000.0,285970000000.0,254294000000.0,,624894000000.0,338593000000.0,130900000000.0,285970000000.0,338924000000.0,434027000000.0,159493000000.0,,,515000000.0,7837000000.0,,,11436000000.0
AMZN,2025-12-31,12M,USD,121909000000.0,67729000000.0,,-177073000000.0,140024000000.0,-2400000000.0,,,87339000000.0,112000000.0,86810000000.0,123029000000.0,,,,112000000.0,411065000000.0,71745000000.0,75520000000.0,229083000000.0,,,,,20576000000.0,20576000000.0,218005000000.0,,,,,,,,,,,,,28230000000.0,23273000000.0,32470000000.0,70129000000.0,620152000000.0,,,,,-3300000000.0,38325000000.0,476713000000.0,,,,,,,,87339000000.0,65648000000.0,152987000000.0,,,,,,443079000000.0,378595000000.0,,,,,,,,,,,,10731000000.0,,,,28230000000.0,,9197000000.0,41625000000.0,,113410000000.0,35985000000.0,,393286000000.0,,36219000000.0,121909000000.0,197429000000.0,,,0.0,,,155121000000.0,,67729000000.0,,250536000000.0,11246000000.0,411065000000.0,378595000000.0,,818042000000.0,476713000000.0,152987000000.0,411065000000.0,406977000000.0,588959000000.0,188972000000.0,,,515000000.0,7837000000.0,,,11078000000.0
ASML,2021-12-31,12M,EUR,,,,,,,,,,,,,,,,,,,,,,,,,,,,,,,,,,,,47300000.0,,,,,,,,,,,,,,,,,,,,,,,,,,,,,,,,,391000000.0,,,,,,,,,,,,,,,,,,,,,,,,,,,,,,,,,,,,,,,,,,,,,,,,,,,,,,,
ASML,2022-12-31,12M,EUR,2565200000.0,5323800000.0,,-3045200000.0,3940800000.0,-4100000.0,,,,36300000.0,7268300000.0,7376000000.0,5744800000.0,1523500000.0,,36300000.0,8810800000.0,,1875900000.0,23064900000.0,,746200000.0,746200000.0,,12481000000.0,12481000000.0,17983600000.0,,71100000.0,,,,,,,0.0,,2303800000.0,,428300000.0,4555600000.0,5398000000.0,5327900000.0,7182100000.0,17300000.0,,,,-466900000.0,7199700000.0,13071200000.0,,923600000.0,,3314000000.0,587700000.0,,,,3514200000.0,3514200000.0,923600000.0,,3279700000.0,,,4136900000.0,3412800000.0,,454900000.0,1672800000.0,5536900000.0,5269900000.0,1672800000.0,267000000.0,364400000.0,,652800000.0,,394589411.0,266400000.0,,,428300000.0,,842400000.0,,,15900000.0,,,700000.0,1488600000.0,107700000.0,2880500000.0,4756400000.0,,,,,1158500000.0,0.0,3198900000.0,7047000000.0,,9046700000.0,403138042.0,8810800000.0,3412800000.0,234600000.0,36300400000.0,12325000000.0,4260400000.0,8810800000.0,27489600000.0,13235500000.0,9506000000.0,315300000.0,,8548631.0,4641300000.0,,2163900000.0,5081300000.0
ASML,2023-12-31,12M,EUR,2347300000.0,4334100000.0,,-3586600000.0,3998100000.0,0.0,,,,36000000.0,7004700000.0,7010100000.0,4516100000.0,2488600000.0,,36000000.0,13452400000.0,,2177400000.0,24393900000.0,,100000.0,100000.0,,11441000000.0,11441000000.0,16274700000.0,,95200000.0,,,,,,,11300000.0,,2098500000.0,,345000000.0,4588600000.0,5330300000.0,4334100000.0,9386400000.0,19800000.0,,,,-693200000.0,8850700000.0,18084000000.0,,919600000.0,,4323400000.0,779100000.0,,,,4631500000.0,4631500000.0,919600000.0,,4283300000.0,,,5799800000.0,8122100000.0,60600000.0,401200000.0,1872300000.0,5197700000.0,4825500000.0,1872300000.0,372200000.0,929200000.0,,531700000.0,,393421721.0,92500000.0,,,345000000.0,,741700000.0,,,13600000.0,,,600000.0,1619300000.0,5400000.0,2656200000.0,4833600000.0,,,,,1164000000.0,0.0,4057300000.0,7256800000.0,,12379500000.0,399584578.0,13452400000.0,8122100000.0,1303400000.0,39957500000.0,18083900000.0,4631600000.0,13452400000.0,26505100000.0,15563600000.0,10230400000.0,308900000.0,,6162857.0,3306200000.0,,3388100000.0,8119200000.0
ASML,2024-12-31,12M,EUR,3500400000.0,4477500000.0,,-4213900000.0,4049000000.0,0.0,,,,35400000.0,12735900000.0,12741300000.0,11229600000.0,1506300000.0,,35400000.0,18476800000.0,,2686600000.0,30737400000.0,,1010300000.0,1010300000.0,,12570800000.0,12570800000.0,20051400000.0,,113100000.0,,,,,,,0.0,,2019500000.0,,454100000.0,4588600000.0,5209900000.0,4477500000.0,11447900000.0,96500000.0,,,,-911500000.0,10891500000.0,23164400000.0,,903000000.0,,5448400000.0,970800000.0,,,,3677300000.0,3677300000.0,903000000.0,,5025400000.0,,,7234000000.0,13266900000.0,317200000.0,459500000.0,1940700000.0,5924600000.0,5625400000.0,1940700000.0,299200000.0,1456600000.0,,649400000.0,,393283720.0,193400000.0,,,454100000.0,,621300000.0,,,28300000.0,,,3300000.0,403200000.0,5400000.0,3783700000.0,6470300000.0,,,,,1371300000.0,0.0,4911200000.0,5443400000.0,,14414300000.0,393830692.0,18476800000.0,13266900000.0,562700000.0,48589600000.0,22154100000.0,4687600000.0,18476800000.0,30112800000.0,17852200000.0,10061400000.0,283300000.0,,546972.0,476000000.0,,4872300000.0,10686000000.0
ASML,2025-12-31,12M,EUR,3521800000.0,3023000000.0,,-4926500000.0,4107100000.0,0.0,,,,34900000.0,12916000000.0,13321900000.0,11780700000.0,1135300000.0,,34900000.0,19612200000.0,,2567300000.0,30616100000.0,,1681900000.0,1681900000.0,,16006300000.0,16006300000.0,24263900000.0,,129900000.0,,,,,,,,,2135100000.0,,135800000.0,4588600000.0,5128700000.0,3023000000.0,13161300000.0,33600000.0,,,,-772800000.0,11429300000.0,24003100000.0,,2143300000.0,,6421100000.0,955200000.0,,266100000.0,,2709000000.0,2709000000.0,2143300000.0,,5779600000.0,,,8234800000.0,14483500000.0,13300000.0,432200000.0,1719400000.0,3549300000.0,3366300000.0,1719400000.0,183000000.0,1653900000.0,,914500000.0,,385417665.0,350500000.0,,24263900000.0,135800000.0,,540100000.0,,,12700000.0,,,5400000.0,1054100000.0,405900000.0,4008400000.0,6575700000.0,,,,,861500000.0,0.0,5298500000.0,4619300000.0,,17587300000.0,388147674.0,19612200000.0,14483500000.0,276100000.0,50566600000.0,22321200000.0,4390900000.0,19612200000.0,30954400000.0,19950500000.0,6690500000.0,486600000.0,,2730009.0,2252900000.0,,4768500000.0,6352200000.0
AVGO,2021-10-31,12M,USD,,,,,,-2597000000.0,,,,,,,,,,,,,,,,,,,,,,,,,,,,,,,,,,,,,4668000000.0,,,,,,,,,,,,,,,,,,,,,,,,,,,,,,,,,,,,,,,,,,,,,,,,,,,,,,,4000000.0,,27000000.0,,,,,,,,,,,,,,,,,,,,,,,,
AVGO,2022-10-31,12M,USD,998000000.0,2958000000.0,,-3604000000.0,21159000000.0,,,1156000000.0,59000000.0,0.0,12416000000.0,12416000000.0,,,,0.0,22709000000.0,63000000.0,393000000.0,18504000000.0,37000000.0,403000000.0,440000000.0,,2931000000.0,2931000000.0,7052000000.0,,,,,,,,,,,780000000.0,,-54000000.0,43614000000.0,50725000000.0,,5827000000.0,,,,393000000.0,,1925000000.0,62165000000.0,,,,195000000.0,,,,22000000.0,39053000000.0,39075000000.0,,,4413000000.0,,27040000000.0,2223000000.0,-28016000000.0,,,,410000000.0,410000000.0,,,,,,,4180000000.0,341000000.0,403000000.0,408000000.0,-54000000.0,,7111000000.0,,,1797000000.0,774000000.0,,,,,1678000000.0,2071000000.0,1202000000.0,,0.0,,864000000.0,0.0,179000000.0,2958000000.0,,1604000000.0,4180000000.0,22709000000.0,-28016000000.0,,73249000000.0,61762000000.0,39515000000.0,22709000000.0,50540000000.0,54745000000.0,43488000000.0,680000000.0,3229000000.0,,,,966000000.0,11452000000.0
AVGO,2023-10-31,12M,USD,1210000000.0,3154000000.0,,-4024000000.0,21095000000.0,,,1181000000.0,49000000.0,4000000.0,14189000000.0,14189000000.0,,,,4000000.0,23988000000.0,63000000.0,380000000.0,20847000000.0,45000000.0,1563000000.0,1608000000.0,,2487000000.0,2487000000.0,7405000000.0,,,,,,,,,,,676000000.0,,207000000.0,43653000000.0,47520000000.0,,6178000000.0,,,,380000000.0,,1898000000.0,63168000000.0,,,,195000000.0,,,,4000000.0,37617000000.0,37621000000.0,,,4739000000.0,,24991000000.0,2154000000.0,-23532000000.0,,,,398000000.0,299000000.0,,99000000.0,,,,,4140000000.0,364000000.0,1563000000.0,312000000.0,207000000.0,,3867000000.0,,,2340000000.0,657000000.0,,,499000000.0,,1683000000.0,2063000000.0,935000000.0,,0.0,,743000000.0,0.0,321000000.0,3653000000.0,,2682000000.0,4140000000.0,23988000000.0,-23532000000.0,,72861000000.0,61605000000.0,39229000000.0,23988000000.0,48873000000.0,52014000000.0,41468000000.0,473000000.0,2792000000.0,0.0,,,901000000.0,13442000000.0
AVGO,2024-10-31,12M,USD,1662000000.0,4416000000.0,,-4504000000.0,67466000000.0,,,1518000000.0,39000000.0,5000000.0,9348000000.0,9348000000.0,,,,5000000.0,67678000000.0,57000000.0,535000000.0,19595000000.0,26000000.0,1245000000.0,1271000000.0,,9395000000.0,9395000000.0,16697000000.0,,,,,,,,,,,504000000.0,,207000000.0,97873000000.0,138456000000.0,,7025000000.0,,,,535000000.0,,1760000000.0,135205000000.0,,,,204000000.0,,,,13000000.0,66282000000.0,66295000000.0,,,5246000000.0,,58179000000.0,2521000000.0,-70778000000.0,,,,9803000000.0,5100000000.0,,4703000000.0,,,,,4686000000.0,764000000.0,1245000000.0,1143000000.0,207000000.0,,40583000000.0,,,5073000000.0,1503000000.0,,,1916000000.0,,2382000000.0,2917000000.0,1971000000.0,,0.0,,1391000000.0,0.0,286000000.0,6332000000.0,,0.0,4686000000.0,67678000000.0,-70778000000.0,,165645000000.0,133960000000.0,67566000000.0,67678000000.0,97967000000.0,146050000000.0,81270000000.0,720000000.0,3669000000.0,,,,970000000.0,2898000000.0
AVGO,2025-10-31,12M,USD,1560000000.0,7145000000.0,,-4896000000.0,71308000000.0,,,1488000000.0,0.0,5000000.0,16178000000.0,16178000000.0,,,,5000000.0,81292000000.0,78000000.0,620000000.0,31573000000.0,0.0,3152000000.0,3152000000.0,,9469000000.0,9469000000.0,18514000000.0,,,,,,,,,,,682000000.0,,218000000.0,97801000000.0,130074000000.0,,7426000000.0,,,,620000000.0,,2270000000.0,146428000000.0,,,,204000000.0,,,,0.0,61984000000.0,61984000000.0,,,5656000000.0,,48958000000.0,2530000000.0,-48782000000.0,,,,6251000000.0,3547000000.0,,2704000000.0,,,,,4741000000.0,457000000.0,3152000000.0,663000000.0,218000000.0,,32273000000.0,,,6915000000.0,1423000000.0,,,5005000000.0,,2481000000.0,3101000000.0,2129000000.0,,0.0,,518000000.0,0.0,308000000.0,12150000000.0,,9761000000.0,4741000000.0,81292000000.0,-48782000000.0,,171092000000.0,143276000000.0,65136000000.0,81292000000.0,89800000000.0,139519000000.0,71286000000.0,921000000.0,1628000000.0,,,,1280000000.0,13059000000.0
CSCO,2021-07-31,12M,USD,,,,,,,,,,,,,,,,,,,,,,,,,,,,,,,,,,,,,,,,,,,,,,,,,,,,,,,,,,,,,,,,,,2351000000.0,,,,,,,,,,,,,,,,,,,,,,,,,,,,,,,,,,,,,,,,,,,,,,,,,,,,,,,,,,
CSCO,2022-07-31,12M,USD,2281000000.0,6622000000.0,,-8168000000.0,,-83000000.0,,,,42714000000.0,7079000000.0,19267000000.0,,,600000000.0,42714000000.0,39773000000.0,,,36717000000.0,,1099000000.0,1099000000.0,,12784000000.0,12784000000.0,25640000000.0,,,,,,,,,,,717000000.0,,-1622000000.0,38304000000.0,40873000000.0,6705000000.0,10165000000.0,,,961000000.0,,,2568000000.0,49288000000.0,,,,,,,2176000000.0,,8416000000.0,8416000000.0,,,1114000000.0,,2436000000.0,1997000000.0,-1100000000.0,4009000000.0,,4449000000.0,10480000000.0,10480000000.0,4449000000.0,,2380000000.0,,,,4110000000.0,4355000000.0,499000000.0,5199000000.0,-1622000000.0,,2569000000.0,10000000.0,,5957000000.0,1968000000.0,,4832000000.0,3905000000.0,12188000000.0,3242000000.0,3242000000.0,3316000000.0,,0.0,,,4219000000.0,1691000000.0,10527000000.0,,-1319000000.0,4110000000.0,39773000000.0,-1100000000.0,,94002000000.0,48189000000.0,9515000000.0,39773000000.0,54229000000.0,57285000000.0,28589000000.0,961000000.0,7725000000.0,,,,150000000.0,11077000000.0
CSCO,2023-07-31,12M,USD,2313000000.0,5854000000.0,,-7973000000.0,,-85000000.0,,,,44289000000.0,10123000000.0,26146000000.0,,,0.0,44289000000.0,44353000000.0,,,43348000000.0,,1733000000.0,1733000000.0,,13908000000.0,13908000000.0,31309000000.0,,,,,,,,,,,1493000000.0,,-1575000000.0,38535000000.0,40353000000.0,5939000000.0,10058000000.0,,,4235000000.0,,,3644000000.0,52744000000.0,,,,,,,2988000000.0,,6658000000.0,6658000000.0,,,5694000000.0,,,2085000000.0,4000000000.0,614000000.0,,6576000000.0,11642000000.0,11642000000.0,6576000000.0,,2869000000.0,,,,4066000000.0,4352000000.0,1733000000.0,5136000000.0,-1575000000.0,,1818000000.0,16000000.0,,6007000000.0,2134000000.0,,135000000.0,364000000.0,16023000000.0,6548000000.0,6548000000.0,3984000000.0,,0.0,,,4229000000.0,1871000000.0,9206000000.0,,1639000000.0,4066000000.0,44353000000.0,4000000000.0,,101852000000.0,51011000000.0,8391000000.0,44353000000.0,57499000000.0,58504000000.0,26190000000.0,4235000000.0,5756000000.0,,,,264000000.0,12039000000.0
CSCO,2024-07-31,12M,USD,2304000000.0,6685000000.0,,-7783000000.0,,-87000000.0,,,,45800000000.0,7508000000.0,17854000000.0,,,10853000000.0,45800000000.0,45457000000.0,,,36862000000.0,,11341000000.0,11341000000.0,,16249000000.0,16249000000.0,40584000000.0,,,-11000000.0,,,,,,,,1027000000.0,,-1430000000.0,58660000000.0,69879000000.0,6772000000.0,9873000000.0,,,1439000000.0,,,3373000000.0,76430000000.0,,,,,,,3071000000.0,,19632000000.0,19632000000.0,,,5511000000.0,,23465000000.0,2090000000.0,-24422000000.0,639000000.0,,6262000000.0,12226000000.0,12226000000.0,6262000000.0,,2737000000.0,,,,4007000000.0,5612000000.0,488000000.0,5643000000.0,-1430000000.0,,11219000000.0,8000000.0,,5944000000.0,2540000000.0,,115000000.0,267000000.0,10346000000.0,3743000000.0,3743000000.0,3608000000.0,,0.0,,,4247000000.0,2255000000.0,10023000000.0,,1087000000.0,4007000000.0,45457000000.0,-24422000000.0,,124413000000.0,65089000000.0,30973000000.0,45457000000.0,78956000000.0,87551000000.0,38372000000.0,1439000000.0,3985000000.0,,,,83000000.0,-3722000000.0
CSCO,2025-07-31,12M,USD,2528000000.0,6701000000.0,,-7477000000.0,,-69000000.0,,,,47747000000.0,8346000000.0,16110000000.0,,,3482000000.0,47747000000.0,46843000000.0,,,34986000000.0,,5232000000.0,5232000000.0,,16416000000.0,16416000000.0,35064000000.0,,,0.0,,,,,,,,933000000.0,,-954000000.0,59136000000.0,68311000000.0,6770000000.0,9590000000.0,,,1857000000.0,,,3164000000.0,74936000000.0,,,,,,,2715000000.0,,22861000000.0,22861000000.0,,,5494000000.0,,19747000000.0,2113000000.0,-21468000000.0,590000000.0,,7356000000.0,12363000000.0,12363000000.0,7356000000.0,,2876000000.0,,,,3959998180.0,5950000000.0,1750000000.0,5420000000.0,-954000000.0,,9175000000.0,6000000.0,,6059000000.0,2995000000.0,,51000000.0,346000000.0,7764000000.0,4385000000.0,4385000000.0,3611000000.0,,0.0,,,4045000000.0,1964000000.0,9762000000.0,,50000000.0,3959998180.0,46843000000.0,-21468000000.0,,122291000000.0,69704000000.0,28093000000.0,46843000000.0,75448000000.0,87305000000.0,40384000000.0,1857000000.0,2165000000.0,,,,261000000.0,-78000000.0
GOOGL,2021-12-31,12M,USD,,,,,,,,,,,,,,,,,,23172000000.0,,,2189000000.0,,2189000000.0,,,,,,,,,,,,,,,,,,,,,,,,,,,1170000000.0,,,,,58881000000.0,9146000000.0,,,,,,,,208000000.0,,,,,,,,5792000000.0,535000000.0,,5257000000.0,,,,,,,,9799000000.0,,,1417000000.0,,,,,397000000.0,,,,,,,,,,,,,,,,,,,966000000.0,,,,,,,,,,,,,,
GOOGL,2022-12-31,12M,USD,5128000000.0,40258000000.0,,-59042000000.0,,-754000000.0,30492000000.0,,16822000000.0,68184000000.0,21879000000.0,113762000000.0,,,,68184000000.0,256144000000.0,27657000000.0,33021000000.0,164795000000.0,2477000000.0,,2477000000.0,,3908000000.0,3908000000.0,69300000000.0,,,,,,,,,,,,,-7603000000.0,28960000000.0,28960000000.0,41012000000.0,186091000000.0,,,1632000000.0,,,2670000000.0,269001000000.0,30492000000.0,30492000000.0,,66897000000.0,10575000000.0,,,14345000000.0,12857000000.0,27202000000.0,,,314000000.0,,,127049000000.0,227184000000.0,,,5261000000.0,1113000000.0,599000000.0,5261000000.0,514000000.0,,,,,12849000000.0,10775000000.0,,9106000000.0,-7603000000.0,,2084000000.0,,,8707000000.0,2247000000.0,,80648000000.0,,91883000000.0,6760000000.0,39781000000.0,14028000000.0,,0.0,,,0.0,,40258000000.0,,195563000000.0,12849000000.0,256144000000.0,227184000000.0,,365264000000.0,269001000000.0,29679000000.0,256144000000.0,,200469000000.0,39820000000.0,1632000000.0,9258000000.0,,,,,95495000000.0
GOOGL,2023-12-31,12M,USD,7493000000.0,47964000000.0,,-67458000000.0,,-771000000.0,31008000000.0,40435000000.0,15251000000.0,76534000000.0,24048000000.0,110916000000.0,,,,76534000000.0,283379000000.0,35229000000.0,39980000000.0,171530000000.0,2791000000.0,,2791000000.0,,4137000000.0,4137000000.0,81814000000.0,,,,,,,,,,,,,-4402000000.0,29198000000.0,29198000000.0,48735000000.0,215894000000.0,,,2748000000.0,,,,295249000000.0,31008000000.0,31008000000.0,,74083000000.0,11425000000.0,,,12460000000.0,11870000000.0,24330000000.0,,,472000000.0,,,148436000000.0,254181000000.0,,,12169000000.0,1396000000.0,911000000.0,12169000000.0,485000000.0,,,,,12460000000.0,12650000000.0,,9525000000.0,-4402000000.0,,,,,10051000000.0,4395000000.0,,175459000000.0,,86868000000.0,10241000000.0,50221000000.0,15140000000.0,,0.0,,,0.0,,47964000000.0,,211247000000.0,12460000000.0,283379000000.0,254181000000.0,,402392000000.0,295249000000.0,27121000000.0,283379000000.0,,230862000000.0,37199000000.0,2748000000.0,8474000000.0,0.0,,,,89716000000.0
GOOGL,2024-12-31,12M,USD,7987000000.0,52340000000.0,,-79390000000.0,,-879000000.0,37982000000.0,45403000000.0,11691000000.0,84800000000.0,23466000000.0,95657000000.0,,,,84800000000.0,325084000000.0,,54259000000.0,163711000000.0,2887000000.0,,2887000000.0,,5036000000.0,5036000000.0,89122000000.0,,,,,,,,,,,,,-4800000000.0,31885000000.0,31885000000.0,53219000000.0,264014000000.0,,,2905000000.0,,,,335967000000.0,37982000000.0,37982000000.0,,,,,,11691000000.0,10883000000.0,22574000000.0,,,,,,184624000000.0,293199000000.0,,,17180000000.0,,,17180000000.0,,,,,,12211000000.0,15714000000.0,,6322000000.0,-4800000000.0,,,,,14874000000.0,4694000000.0,3866000000.0,218611000000.0,,72191000000.0,14758000000.0,69017000000.0,15069000000.0,,0.0,,,0.0,,52340000000.0,,245084000000.0,12211000000.0,325084000000.0,293199000000.0,,450256000000.0,335967000000.0,22574000000.0,325084000000.0,,286545000000.0,36050000000.0,2905000000.0,8782000000.0,,,,,74589000000.0
GOOGL,2025-12-31,12M,USD,12200000000.0,62886000000.0,,-98485000000.0,,-924000000.0,68687000000.0,48348000000.0,12744000000.0,93126000000.0,30708000000.0,126843000000.0,,,,93126000000.0,415265000000.0,,64948000000.0,206038000000.0,,,,,6578000000.0,6578000000.0,102745000000.0,,,,,,,,,,,,,-1916000000.0,33380000000.0,33380000000.0,63810000000.0,360303000000.0,,,523000000.0,,,,461812000000.0,68687000000.0,68687000000.0,,,,,,12744000000.0,46547000000.0,59291000000.0,,,,,15839000000.0,261818000000.0,381885000000.0,,,9113000000.0,,,9113000000.0,,,,,,12088000000.0,16309000000.0,,,-1916000000.0,,,,,16245000000.0,8449000000.0,950000000.0,311955000000.0,,96135000000.0,13673000000.0,78621000000.0,17546000000.0,,0.0,,,0.0,,62886000000.0,,324055000000.0,12088000000.0,415265000000.0,381885000000.0,,595281000000.0,461812000000.0,59291000000.0,415265000000.0,,389243000000.0,77271000000.0,523000000.0,9531000000.0,,,,,103293000000.0
META,2021-12-31,12M,USD,,,,,,,,,,,,,,,,,,,,,,,,,561000000.0,561000000.0,,,,,,,,1052000000.0,,,,,,,,,,,,,,,,,,,,,,,,,,,,6775000000.0,,25584000000.0,,,,,,,,,,,,,,,,,,,,,,,,,,,1052000000.0,,,,,,,,,,4629000000.0,,,,,,,,,,,,,,,,,,,,,,,
META,2022-12-31,12M,USD,4990000000.0,13466000000.0,,-24975000000.0,64444000000.0,,6201000000.0,27720000000.0,16668000000.0,0.0,14681000000.0,40738000000.0,8505000000.0,6176000000.0,,0.0,125713000000.0,25052000000.0,7716000000.0,59549000000.0,1367000000.0,,1367000000.0,,,,27026000000.0,,,,,,,1117000000.0,,,,,,-3530000000.0,20306000000.0,21203000000.0,,117166000000.0,,,,,,,135636000000.0,6201000000.0,6201000000.0,,1874000000.0,6522000000.0,,,15301000000.0,9923000000.0,25224000000.0,,,,,,92191000000.0,104510000000.0,,,,,,,,,,,,2614000000.0,5345000000.0,,4906000000.0,-3530000000.0,,897000000.0,,,6583000000.0,1119000000.0,,55998000000.0,,26057000000.0,8446000000.0,16162000000.0,4591000000.0,,,,,0.0,,13466000000.0,,64799000000.0,2614000000.0,125713000000.0,104510000000.0,,185727000000.0,135636000000.0,26591000000.0,125713000000.0,60014000000.0,126178000000.0,32988000000.0,2339000000.0,6645000000.0,,,,,32523000000.0
META,2023-12-31,12M,USD,4849000000.0,16169000000.0,,-33134000000.0,73253000000.0,,6141000000.0,37961000000.0,18849000000.0,0.0,41862000000.0,65403000000.0,35597000000.0,6265000000.0,,0.0,153168000000.0,24269000000.0,8805000000.0,85365000000.0,1623000000.0,,1623000000.0,,,,31960000000.0,,,,,,,863000000.0,,,,,,-2155000000.0,20654000000.0,21442000000.0,,143015000000.0,,,,,,,171553000000.0,6141000000.0,6141000000.0,,2080000000.0,6972000000.0,,,17226000000.0,18385000000.0,35611000000.0,,,,,,109881000000.0,131726000000.0,,,,,,,,,,,,2561000000.0,3793000000.0,,6369000000.0,-2155000000.0,,788000000.0,,,6794000000.0,1370000000.0,,71733000000.0,,23541000000.0,8504000000.0,17309000000.0,6659000000.0,,,,,0.0,,16169000000.0,,82070000000.0,2561000000.0,153168000000.0,131726000000.0,,229623000000.0,171553000000.0,37234000000.0,153168000000.0,76455000000.0,144258000000.0,44495000000.0,3655000000.0,7514000000.0,0.0,,,,53405000000.0
META,2024-12-31,12M,USD,7687000000.0,16994000000.0,,-43317000000.0,83228000000.0,,6070000000.0,47076000000.0,20234000000.0,0.0,43889000000.0,77815000000.0,36671000000.0,7218000000.0,,0.0,182637000000.0,26802000000.0,8105000000.0,100045000000.0,1942000000.0,,1942000000.0,,,,33596000000.0,,,,,,,,,,,,,-3097000000.0,20654000000.0,21569000000.0,,179585000000.0,,,,,,,211463000000.0,6070000000.0,6070000000.0,,2561000000.0,7293000000.0,,,18292000000.0,28826000000.0,47118000000.0,,,,,,136268000000.0,161068000000.0,,,,,,,,,,,,2534487662.0,5236000000.0,,6074000000.0,-3097000000.0,,915000000.0,,,12102000000.0,2716000000.0,,95853000000.0,,33926000000.0,11125000000.0,19230000000.0,6350000000.0,,,,,0.0,,16994000000.0,,102506000000.0,2534487662.0,182637000000.0,161068000000.0,,276054000000.0,211463000000.0,49060000000.0,182637000000.0,93417000000.0,176009000000.0,59821000000.0,3438000000.0,9987000000.0,,,,,66449000000.0
META,2025-12-31,12M,USD,8894000000.0,19769000000.0,,-57326000000.0,95793000000.0,,27524000000.0,55568000000.0,25153000000.0,0.0,35873000000.0,81592000000.0,31482000000.0,4391000000.0,,0.0,217243000000.0,50521000000.0,11269000000.0,108722000000.0,2213000000.0,,2213000000.0,,,,41836000000.0,,,,,,,,,,,,,271000000.0,24534000000.0,28226000000.0,,254130000000.0,,,,,,,275987000000.0,27524000000.0,27524000000.0,,3687000000.0,8346000000.0,,,22940000000.0,58744000000.0,81684000000.0,,,,,22871000000.0,196804000000.0,189017000000.0,,,,,,,,,,,,2529638328.0,7361000000.0,,10387000000.0,271000000.0,,3692000000.0,,,4745000000.0,4253000000.0,,136008000000.0,,45719000000.0,10816000000.0,22085000000.0,7151000000.0,,,,,0.0,,19769000000.0,,121179000000.0,2529638328.0,217243000000.0,189017000000.0,,366021000000.0,275987000000.0,83897000000.0,217243000000.0,148778000000.0,257299000000.0,106942000000.0,1922000000.0,21005000000.0,,,,,66886000000.0
MSFT,2021-06-30,12M,USD,,,,,,,,,,,,,,,,,,,,,,,,,,,,,,,,,,,,,,1367000000.0,,,,,,,,,,,,,,,,,,,,,,,,,,,,,,,,,,,,,,,,,,,,,,,,,,,,,,,,,,,,,,,,,1190000000.0,,,,,,,,,,,,,,,,,,,,79000000.0,
MSFT,2022-06-30,12M,USD,19000000000.0,44261000000.0,,-59660000000.0,,-633000000.0,,55014000000.0,11489000000.0,86939000000.0,13931000000.0,104749000000.0,5673000000.0,8258000000.0,,86939000000.0,166542000000.0,,,169684000000.0,,2749000000.0,2749000000.0,,45538000000.0,45538000000.0,95082000000.0,,,,,,,,,0.0,,2516000000.0,,-4678000000.0,67524000000.0,78822000000.0,44894000000.0,147206000000.0,8000000.0,,4067000000.0,,,3742000000.0,216323000000.0,0.0,6891000000.0,,4734000000.0,7819000000.0,,,11489000000.0,47032000000.0,58521000000.0,6891000000.0,,66491000000.0,,35850000000.0,87546000000.0,87720000000.0,,,,3100000000.0,2870000000.0,,230000000.0,,,,,7464000000.0,16924000000.0,,13067000000.0,-4678000000.0,,11298000000.0,,,21897000000.0,15526000000.0,,13148000000.0,,90818000000.0,23067000000.0,23067000000.0,10661000000.0,,,,,0.0,1144000000.0,44261000000.0,,84281000000.0,7464000000.0,166542000000.0,87720000000.0,,364840000000.0,213574000000.0,61270000000.0,166542000000.0,198298000000.0,195156000000.0,103216000000.0,4067000000.0,26069000000.0,,,,82000000.0,74602000000.0
MSFT,2023-06-30,12M,USD,18095000000.0,48688000000.0,,-68251000000.0,,-650000000.0,,68465000000.0,12728000000.0,93718000000.0,34704000000.0,111256000000.0,26226000000.0,8478000000.0,0.0,93718000000.0,206223000000.0,,,184257000000.0,,5247000000.0,5247000000.0,,50901000000.0,50901000000.0,104149000000.0,,,,,,,,,0.0,,1768000000.0,,-6343000000.0,67886000000.0,77252000000.0,49338000000.0,178238000000.0,6000000.0,,4152000000.0,,,2500000000.0,253460000000.0,0.0,9879000000.0,,5683000000.0,8537000000.0,,,12728000000.0,41990000000.0,54718000000.0,9879000000.0,,81207000000.0,,12533000000.0,109987000000.0,128971000000.0,,,,3345000000.0,2912000000.0,,433000000.0,,,,,7432000000.0,21807000000.0,5247000000.0,14745000000.0,-6343000000.0,,9366000000.0,,,30601000000.0,17981000000.0,,14346000000.0,,76552000000.0,22247000000.0,22247000000.0,11009000000.0,,,,,0.0,709000000.0,48688000000.0,,118848000000.0,7432000000.0,206223000000.0,128971000000.0,,411976000000.0,248213000000.0,59965000000.0,206223000000.0,205753000000.0,227719000000.0,101604000000.0,4152000000.0,25560000000.0,,,,23000000.0,80108000000.0
MSFT,2024-06-30,12M,USD,21996000000.0,56924000000.0,,-76421000000.0,,-830000000.0,1500000000.0,93943000000.0,15497000000.0,100923000000.0,18315000000.0,75531000000.0,6744000000.0,11571000000.0,6693000000.0,100923000000.0,268477000000.0,,,159734000000.0,,8942000000.0,8942000000.0,,57582000000.0,57582000000.0,125286000000.0,,,,,,,,,0.0,,845000000.0,,-5590000000.0,119220000000.0,146817000000.0,57754000000.0,230973000000.0,12000000.0,,5017000000.0,,,1246000000.0,320107000000.0,1500000000.0,14600000000.0,,8163000000.0,9594000000.0,,,15497000000.0,42688000000.0,58185000000.0,13100000000.0,,100312000000.0,,33315000000.0,154552000000.0,121660000000.0,,,,5220000000.0,2602000000.0,,2618000000.0,,,,,7434138859.0,26021000000.0,2249000000.0,19185000000.0,-5590000000.0,,27597000000.0,,,36460000000.0,27064000000.0,,18961000000.0,,57216000000.0,27013000000.0,27013000000.0,12564000000.0,,,,,0.0,394000000.0,56924000000.0,,173144000000.0,7434138859.0,268477000000.0,121660000000.0,,512163000000.0,311165000000.0,67127000000.0,268477000000.0,243686000000.0,352429000000.0,118400000000.0,5017000000.0,27931000000.0,,,,7000000.0,34448000000.0
MSFT,2025-06-30,12M,USD,27724000000.0,69905000000.0,,-93653000000.0,,-944000000.0,2460000000.0,137921000000.0,17437000000.0,109095000000.0,30242000000.0,94555000000.0,18531000000.0,11711000000.0,0.0,109095000000.0,343479000000.0,,,191131000000.0,,2999000000.0,2999000000.0,,64555000000.0,64555000000.0,141218000000.0,,,,,,,,,272000000.0,,,,-3347000000.0,119509000000.0,142113000000.0,70849000000.0,323442000000.0,10000000.0,,7211000000.0,,,938000000.0,386630000000.0,2460000000.0,15133000000.0,,9338000000.0,12117000000.0,,,17437000000.0,40152000000.0,57589000000.0,12673000000.0,,139243000000.0,,12909000000.0,229789000000.0,201366000000.0,,,,5545000000.0,2710000000.0,,2835000000.0,,,,,7434158655.0,25723000000.0,2999000000.0,25020000000.0,-3347000000.0,,22604000000.0,,,40565000000.0,45186000000.0,,24823000000.0,,64313000000.0,34935000000.0,34935000000.0,13709000000.0,,,,,0.0,,69905000000.0,,237731000000.0,7434158655.0,343479000000.0,201366000000.0,,619003000000.0,383631000000.0,60588000000.0,343479000000.0,275524000000.0,427872000000.0,134306000000.0,7211000000.0,25986000000.0,,,,,49913000000.0
NVDA,2022-01-31,12M,USD,,,,,,,,,,,,,,,,,,,,,144000000.0,,,,,,,,,,,,,,,,,,,,,,,,,,,,,,,,,,,,,,,,,,,,,8956000000.0,,,,,,,,,,,,3509000000.0,,,,,,,,,,266000000.0,,,,,,,,,,,,,366000000.0,,,,,,,,,,,,,,,,,,,,0.0,,,
NVDA,2023-01-31,12M,USD,1193000000.0,3827000000.0,,-2694000000.0,11971000000.0,,,1598000000.0,1078000000.0,2000000.0,3389000000.0,13296000000.0,,,,2000000.0,22101000000.0,382000000.0,2946000000.0,23073000000.0,176000000.0,1250000000.0,1426000000.0,,354000000.0,354000000.0,6563000000.0,108000000.0,,,,,,,,,,2263000000.0,,-43000000.0,4372000000.0,6048000000.0,,7539000000.0,,,,,,5159000000.0,33054000000.0,,299000000.0,,218000000.0,,,,902000000.0,9703000000.0,10605000000.0,,,4303000000.0,,7564000000.0,4845000000.0,16053000000.0,,,3396000000.0,465000000.0,218000000.0,3396000000.0,247000000.0,,,3376000000.0,,24661365720.0,791000000.0,1250000000.0,69000000.0,-43000000.0,,1676000000.0,,299000000.0,145000000.0,63000000.0,,1038000000.0,,9907000000.0,1660000000.0,4606000000.0,,,0.0,,,0.0,2430000000.0,3827000000.0,,10171000000.0,24661365720.0,22101000000.0,16053000000.0,,41182000000.0,31804000000.0,12031000000.0,22101000000.0,19081000000.0,18109000000.0,12518000000.0,467000000.0,1385000000.0,,,,466000000.0,16510000000.0
NVDA,2024-01-31,12M,USD,2699000000.0,9999000000.0,,-3509000000.0,13109000000.0,,1321000000.0,1816000000.0,1347000000.0,25000000.0,7280000000.0,25984000000.0,,,,25000000.0,42978000000.0,189000000.0,4780000000.0,44345000000.0,228000000.0,1250000000.0,1478000000.0,,764000000.0,764000000.0,10631000000.0,415000000.0,,,,,,,,,,2058000000.0,,27000000.0,4430000000.0,5542000000.0,,8769000000.0,,,,,,5282000000.0,52687000000.0,1321000000.0,1321000000.0,,218000000.0,,,,1119000000.0,8459000000.0,9578000000.0,,,5200000000.0,,2429000000.0,5260000000.0,37436000000.0,,,6081000000.0,1035000000.0,573000000.0,6081000000.0,462000000.0,,,2822000000.0,,24640000000.0,3080000000.0,1250000000.0,199000000.0,27000000.0,,1112000000.0,,1546000000.0,357000000.0,65000000.0,,1346000000.0,,18704000000.0,2995000000.0,7775000000.0,,,0.0,,,0.0,1719000000.0,9999000000.0,,29817000000.0,24640000000.0,42978000000.0,37436000000.0,,65728000000.0,51437000000.0,11056000000.0,42978000000.0,22750000000.0,21383000000.0,12119000000.0,296000000.0,1441000000.0,,,,1505000000.0,33714000000.0
NVDA,2025-01-31,12M,USD,6310000000.0,23065000000.0,,-4401000000.0,11237000000.0,,3387000000.0,2076000000.0,1519000000.0,24000000.0,8589000000.0,43210000000.0,,,,24000000.0,79327000000.0,529000000.0,7832000000.0,80126000000.0,288000000.0,,288000000.0,,837000000.0,837000000.0,18047000000.0,1290000000.0,,,,,,,,,,3273000000.0,,28000000.0,5188000000.0,5995000000.0,,12477000000.0,,,,,,10080000000.0,87790000000.0,3387000000.0,3387000000.0,,511000000.0,,,,1519000000.0,8463000000.0,9982000000.0,,,7568000000.0,,,8076000000.0,73332000000.0,750000000.0,,10979000000.0,1862000000.0,976000000.0,10979000000.0,886000000.0,,,2087000000.0,,24477000000.0,3771000000.0,,897000000.0,28000000.0,,807000000.0,,,3038000000.0,195000000.0,,1793000000.0,,34621000000.0,7191000000.0,15023000000.0,,,0.0,,,0.0,3408000000.0,23065000000.0,,68038000000.0,24477000000.0,79327000000.0,73332000000.0,,111601000000.0,87790000000.0,9982000000.0,79327000000.0,32274000000.0,31475000000.0,14227000000.0,881000000.0,2188000000.0,,,,3399000000.0,62079000000.0
NVDA,2026-01-31,12M,USD,9812000000.0,38466000000.0,,-6587000000.0,10118000000.0,,22251000000.0,2891000000.0,2572000000.0,24000000.0,10605000000.0,62556000000.0,,,,24000000.0,157293000000.0,683000000.0,13124000000.0,125605000000.0,,999000000.0,999000000.0,,1379000000.0,1379000000.0,32163000000.0,2807000000.0,,,,,,,,,,8774000000.0,,178000000.0,20832000000.0,24138000000.0,,19837000000.0,,,,,,21403000000.0,165761000000.0,22251000000.0,22251000000.0,,777000000.0,,,,2572000000.0,7469000000.0,10041000000.0,,,12619000000.0,,,13250000000.0,133155000000.0,,,13258000000.0,2967000000.0,1193000000.0,13258000000.0,1774000000.0,,,,,24304000000.0,3180000000.0,999000000.0,1373000000.0,178000000.0,,3306000000.0,,,8301000000.0,381000000.0,,2867000000.0,,51951000000.0,12481000000.0,25605000000.0,,,0.0,,,0.0,3807000000.0,38466000000.0,,146973000000.0,24304000000.0,157293000000.0,133155000000.0,,206803000000.0,164762000000.0,11040000000.0,157293000000.0,49510000000.0,81198000000.0,17347000000.0,2669000000.0,3958000000.0,,,,8822000000.0,93442000000.0
ORCL,2021-05-31,12M,USD,,,,,,,,,,,,,,,,,,,,,,,,,,,,,,,,,,,,,,,,,,,,,,,,,,,,,,,,,,,,,,,,,,,,,,,,7864000000.0,,,7864000000.0,,,,,,,8250000000.0,,,,,,,,,,,,,,,,,,,3604000000.0,,,,,,,,,,,,,,,,,,,,,,,
ORCL,2022-05-31,12M,USD,1317000000.0,5953000000.0,,-9958000000.0,,-362000000.0,,4729000000.0,,26808000000.0,21383000000.0,21902000000.0,,,,26808000000.0,-6220000000.0,512000000.0,,31633000000.0,,3749000000.0,3749000000.0,,8357000000.0,8357000000.0,19511000000.0,,,-23000000.0,,,,,,,,,,-1692000000.0,43811000000.0,45251000000.0,6315000000.0,19674000000.0,,,,,,,69639000000.0,,,,1166000000.0,,,,,72110000000.0,72110000000.0,,,13267000000.0,452000000.0,54476000000.0,9716000000.0,-51471000000.0,,,12782000000.0,6031000000.0,,12782000000.0,6031000000.0,,,,,2665000000.0,3778000000.0,3749000000.0,4144000000.0,-1692000000.0,,1440000000.0,,,9915000000.0,5203000000.0,,,,519000000.0,1317000000.0,1317000000.0,1944000000.0,,0.0,,3778000000.0,0.0,,5953000000.0,,-31336000000.0,2665000000.0,-6220000000.0,-51471000000.0,,109297000000.0,65890000000.0,75859000000.0,-5768000000.0,115065000000.0,77664000000.0,95554000000.0,,12210000000.0,,,,,12122000000.0
ORCL,2023-05-31,12M,USD,1204000000.0,6915000000.0,,-11605000000.0,,-428000000.0,,5880000000.0,,30215000000.0,9765000000.0,10187000000.0,,,,30215000000.0,1073000000.0,3846000000.0,,21004000000.0,,4061000000.0,4061000000.0,,8970000000.0,8970000000.0,23090000000.0,,,-52000000.0,,,,,,,,,,-1522000000.0,62261000000.0,72098000000.0,7343000000.0,28674000000.0,,,,,,,91554000000.0,,,,1243000000.0,,,,,86420000000.0,86420000000.0,,,17705000000.0,483000000.0,80716000000.0,17069000000.0,-71025000000.0,,,12226000000.0,5772000000.0,,12226000000.0,5772000000.0,,,,,2713000000.0,3902000000.0,4061000000.0,6802000000.0,-1522000000.0,,9837000000.0,,,11987000000.0,6469000000.0,,,,422000000.0,1204000000.0,1204000000.0,2053000000.0,,0.0,,,0.0,,6915000000.0,,-27620000000.0,2713000000.0,1073000000.0,-71025000000.0,,134384000000.0,87493000000.0,90481000000.0,1556000000.0,132828000000.0,113380000000.0,109738000000.0,,11077000000.0,,,,,-2086000000.0
ORCL,2024-05-31,12M,USD,2357000000.0,7874000000.0,,-13282000000.0,,-485000000.0,,6493000000.0,6255000000.0,32764000000.0,10454000000.0,10661000000.0,,,,32764000000.0,8704000000.0,5634000000.0,,22554000000.0,,10605000000.0,10605000000.0,,9313000000.0,9313000000.0,31544000000.0,,,,,,,,,,,,,-1432000000.0,62230000000.0,69120000000.0,8359000000.0,34818000000.0,,,,,,,95573000000.0,,,,1239000000.0,,,,6255000000.0,76264000000.0,82519000000.0,,,21452000000.0,535000000.0,76415000000.0,21536000000.0,-60416000000.0,,,12273000000.0,3692000000.0,,12273000000.0,3692000000.0,,,,,2755000000.0,4019000000.0,,7353000000.0,-1432000000.0,,6890000000.0,,,15493000000.0,6857000000.0,,,,207000000.0,2357000000.0,2357000000.0,1916000000.0,,0.0,,,0.0,,7874000000.0,,-22628000000.0,2755000000.0,8704000000.0,-60416000000.0,,140976000000.0,84968000000.0,93124000000.0,9239000000.0,131737000000.0,118422000000.0,100193000000.0,,10817000000.0,,,,,-8990000000.0
ORCL,2025-05-31,12M,USD,5113000000.0,8558000000.0,,-16032000000.0,,-557000000.0,,10881000000.0,11536000000.0,37107000000.0,10786000000.0,11203000000.0,,,,37107000000.0,20451000000.0,16510000000.0,,24579000000.0,,7271000000.0,7271000000.0,,9387000000.0,9387000000.0,32643000000.0,,,,,,,,,,,,,-1175000000.0,62207000000.0,66794000000.0,9115000000.0,59554000000.0,,,,,,,113019000000.0,,,,1352000000.0,,,,11536000000.0,85297000000.0,96833000000.0,,,30811000000.0,518000000.0,81782000000.0,43522000000.0,-46343000000.0,,,11877000000.0,,,11877000000.0,,,,,,2807000000.0,4818000000.0,,8629000000.0,-1175000000.0,,4587000000.0,,,21589000000.0,7647000000.0,,,,417000000.0,5113000000.0,5113000000.0,2243000000.0,,0.0,,,0.0,,8558000000.0,,-15481000000.0,2807000000.0,20451000000.0,-46343000000.0,,168361000000.0,105748000000.0,104104000000.0,20969000000.0,147392000000.0,143782000000.0,114749000000.0,,10269000000.0,,,,,-8064000000.0
SAP,2021-12-31,12M,EUR,,,,,,,,,,,,,,,,,,,,,,,,,,,,,,0.0,,,,,,,,,,,,,,,,,,,,,,,,,,,,,,,,,,,,4102000000.0,,,,,,,,,,,,,,,,,,,,,,,2347000000.0,,,,,,,,,,,,,,,,,,,,,,,,,,,,,,,,,,,
SAP,2022-12-31,12M,EUR,2146000000.0,5782000000.0,,,3081000000.0,,5143000000.0,,2140000000.0,1229000000.0,9008000000.0,9861000000.0,5831000000.0,3176000000.0,928000000.0,1229000000.0,40186000000.0,142000000.0,,18522000000.0,349000000.0,3984000000.0,4333000000.0,1036000000.0,5309000000.0,5309000000.0,17453000000.0,90000000.0,,0.0,,,,,705000000.0,332000000.0,,,,,33077000000.0,36912000000.0,,4934000000.0,,,,,,,51131000000.0,5143000000.0,5294000000.0,151000000.0,1585000000.0,1758000000.0,,,1791000000.0,6961000000.0,8752000000.0,151000000.0,359000000.0,1406000000.0,2662000000.0,1937000000.0,4934000000.0,3274000000.0,541000000.0,,5114000000.0,274000000.0,33000000.0,2095000000.0,241000000.0,,,512000000.0,,1167117547.0,30000000.0,3056000000.0,474000000.0,,3799000000.0,3835000000.0,,,-1000000.0,796000000.0,,43000000.0,454000000.0,853000000.0,3091000000.0,3091000000.0,4156000000.0,,,,828000000.0,0.0,,6767000000.0,,36418000000.0,1228504232.0,40186000000.0,3274000000.0,531000000.0,72159000000.0,47147000000.0,13085000000.0,42848000000.0,29311000000.0,53638000000.0,11858000000.0,945000000.0,972000000.0,61386685.0,4341000000.0,,,1069000000.0
SAP,2023-12-31,12M,EUR,1783000000.0,5892000000.0,,,1845000000.0,,5114000000.0,,1621000000.0,1229000000.0,8124000000.0,11468000000.0,4755000000.0,3369000000.0,0.0,1229000000.0,43157000000.0,162000000.0,,20571000000.0,294000000.0,1143000000.0,1437000000.0,1246000000.0,4975000000.0,4975000000.0,14641000000.0,235000000.0,,0.0,,,,,698000000.0,294000000.0,,,,,29081000000.0,31586000000.0,,4276000000.0,,,,,,,50327000000.0,5114000000.0,5249000000.0,135000000.0,1430000000.0,1320000000.0,,,1327000000.0,6027000000.0,7354000000.0,135000000.0,432000000.0,1309000000.0,249000000.0,,4276000000.0,11571000000.0,618000000.0,,5351000000.0,300000000.0,33000000.0,2197000000.0,267000000.0,,,386000000.0,,1167229056.0,44000000.0,1143000000.0,315000000.0,,2367000000.0,2505000000.0,,,1000000.0,587000000.0,,55000000.0,429000000.0,3344000000.0,2919000000.0,2919000000.0,4760000000.0,,,,844000000.0,0.0,,6969000000.0,,42457000000.0,1228504232.0,43157000000.0,11571000000.0,648000000.0,68331000000.0,49184000000.0,8791000000.0,43406000000.0,24925000000.0,47760000000.0,10284000000.0,1136000000.0,913000000.0,61275176.0,4741000000.0,,,5930000000.0
SAP,2024-12-31,12M,EUR,1988000000.0,6231000000.0,,,2564000000.0,,6404000000.0,,1715000000.0,1229000000.0,9609000000.0,11238000000.0,5647000000.0,3962000000.0,498000000.0,1229000000.0,45438000000.0,156000000.0,,21401000000.0,295000000.0,3636000000.0,3931000000.0,1350000000.0,5978000000.0,5978000000.0,19082000000.0,716000000.0,,,,,,,749000000.0,593000000.0,,,,,31264000000.0,33970000000.0,,4493000000.0,,,,,,,54374000000.0,6404000000.0,6548000000.0,144000000.0,1501000000.0,1391000000.0,,,1420000000.0,5300000000.0,6720000000.0,144000000.0,494000000.0,1379000000.0,368000000.0,,4493000000.0,11468000000.0,635000000.0,,6166000000.0,414000000.0,88000000.0,2674000000.0,326000000.0,,,430000000.0,,1166589461.0,88000000.0,3138000000.0,1373000000.0,,4692000000.0,2706000000.0,,,1000000.0,450000000.0,,66000000.0,543000000.0,1629000000.0,2573000000.0,2573000000.0,4511000000.0,,,,988000000.0,0.0,,7737000000.0,,42907000000.0,1228504232.0,45438000000.0,11468000000.0,963000000.0,74237000000.0,50738000000.0,10651000000.0,45806000000.0,28431000000.0,52836000000.0,9349000000.0,585000000.0,522000000.0,61914771.0,5954000000.0,,,2319000000.0
SAP,2025-12-31,12M,EUR,2431000000.0,5790000000.0,,,2564000000.0,,6580000000.0,,1684000000.0,1229000000.0,8220000000.0,9772000000.0,4310000000.0,3910000000.0,498000000.0,1229000000.0,44586000000.0,195000000.0,,20256000000.0,254000000.0,1598000000.0,1852000000.0,1412000000.0,6581000000.0,6581000000.0,17416000000.0,537000000.0,,,,,,,524000000.0,547000000.0,,,,,29014000000.0,31296000000.0,,4497000000.0,,,,,,,50378000000.0,6580000000.0,6722000000.0,142000000.0,1497000000.0,1370000000.0,,,1430000000.0,4194000000.0,5624000000.0,142000000.0,550000000.0,1328000000.0,488000000.0,,4497000000.0,13290000000.0,573000000.0,,5845000000.0,216000000.0,144000000.0,2163000000.0,72000000.0,,,626000000.0,,1167559048.0,265000000.0,1100000000.0,1132000000.0,,396000000.0,2282000000.0,,,,394000000.0,,107000000.0,885000000.0,1552000000.0,3399000000.0,3399000000.0,3915000000.0,,,,1256000000.0,0.0,,7551000000.0,,47345000000.0,1228504232.0,44586000000.0,13290000000.0,876000000.0,70362000000.0,48780000000.0,7476000000.0,45074000000.0,25288000000.0,50106000000.0,7872000000.0,968000000.0,564000000.0,60945184.0,6948000000.0,,,2840000000.0
TSM,2021-12-31,12M,TWD,,197586100000.0,,,,-347000000.0,,,,,,,,,,,,,,,,,,,,,,,,,,,,,,,,,,370451000000.0,,,197933100000.0,,,1533400000.0,,,,,,,,,,,,,,,,,,,,,,,,,,,,,,,,,,,,,,370451000000.0,,,,,,,,,,,,,,,,,,,,,,,,,,,,,,,,,,,,,,,,
TSM,2022-12-31,12M,TWD,268379300000.0,,,-3668706200000.0,69330300000.0,,41286400000.0,640403600000.0,29764100000.0,259303800000.0,1342814100000.0,1586500100000.0,13522700000.0,1329291400000.0,,259303800000.0,2903019700000.0,1336842600000.0,293171000000.0,2052896700000.0,,19313900000.0,19313900000.0,,,,986563600000.0,,,,142617100000.0,1653000000.0,,1642600000.0,9321100000.0,,0.0,54818400000.0,,,5791800000.0,25999200000.0,,6404457200000.0,949800000.0,35127200000.0,163138600000.0,,,221149100000.0,3761430000000.0,41286400000.0,68608100000.0,27321700000.0,46187600000.0,,,,29764100000.0,839096400000.0,868860500000.0,27321700000.0,,4381002100000.0,14812700000.0,,2735751000000.0,2877020500000.0,,,69185900000.0,1031400000.0,,69185900000.0,1031400000.0,,9321100000.0,4467100000.0,229755900000.0,25930380458.0,12888800000.0,19313900000.0,117000000.0,,-20505600000.0,20207400000.0,,,7551100000.0,180850100000.0,36435500000.0,21300000.0,,243686000000.0,612213100000.0,905384100000.0,61748600000.0,,,,,0.0,40668800000.0,231408900000.0,,2594891200000.0,25930380458.0,2903019700000.0,2877020500000.0,,4964459100000.0,3742116100000.0,888174400000.0,2917832400000.0,2046626700000.0,2911562400000.0,1060063100000.0,163138600000.0,,,0.0,,125661900000.0,1066333100000.0
TSM,2023-12-31,12M,TWD,227211400000.0,201313914000.0,,-4154121200000.0,69876400000.0,-531554000.0,86408100000.0,820769000000.0,28681800000.0,259320700000.0,1465427800000.0,1714803200000.0,12326200000.0,1453101600000.0,,259320700000.0,3429522400000.0,908289800000.0,296667900000.0,2194032900000.0,,9293300000.0,9293300000.0,,,,942805100000.0,,,,168558500000.0,696300000.0,,1566300000.0,9257200000.0,,13417500000.0,34511000000.0,-25316769000.0,-28020822000.0,5796400000.0,22766700000.0,201845468000.0,7259020900000.0,0.0,79199400000.0,128134600000.0,,,250997100000.0,4357098500000.0,99825600000.0,129267600000.0,29442000000.0,45059100000.0,,,,28681800000.0,918282800000.0,946964600000.0,29442000000.0,,5484852300000.0,24344100000.0,,3104899700000.0,3406755700000.0,,,64175800000.0,53800000.0,,64175800000.0,53800000.0,,9257200000.0,7044500000.0,201313900000.0,25932070992.0,26222400000.0,9293300000.0,27455600000.0,1395875000.0,-28314300000.0,16970300000.0,,,10009400000.0,179249400000.0,33200600000.0,50700000.0,,249375400000.0,558671400000.0,855339300000.0,50716900000.0,,,,,0.0,59987600000.0,202010200000.0,,3128639600000.0,25932070992.0,3429522400000.0,3406755700000.0,,5532196600000.0,4347805200000.0,956257900000.0,3453866500000.0,2078330100000.0,3338163700000.0,1135525000000.0,128134600000.0,,0.0,0.0,-4099928000.0,156498500000.0,1251227800000.0
TSM,2024-12-31,12M,TWD,265435800000.0,270683235000.0,,-4775331300000.0,73260800000.0,-453009000.0,96419400000.0,962237700000.0,28755300000.0,259327300000.0,2127627000000.0,2485147000000.0,6952200000.0,2120674800000.0,,259327300000.0,4244266500000.0,1080284200000.0,451158800000.0,3088352100000.0,,59857900000.0,59857900000.0,,,,1308655900000.0,,,,220418800000.0,1404700000.0,,1426000000.0,7580700000.0,,15199800000.0,35177000000.0,40262995000.0,40413126000.0,6070900000.0,26282500000.0,271136244000.0,8050439800000.0,11000000.0,88596500000.0,191569400000.0,,,287868800000.0,5262553300000.0,111619200000.0,148867000000.0,37247800000.0,50035200000.0,,,,28755300000.0,958428900000.0,987184200000.0,37247800000.0,,5957681000000.0,35005100000.0,,3275108500000.0,4217984000000.0,,,65943300000.0,3988500000.0,,65943300000.0,3988500000.0,,7580700000.0,5495900000.0,270683200000.0,25932733242.0,43237400000.0,59857900000.0,466500000.0,1310307000.0,38705000000.0,20211600000.0,,,81715400000.0,105083800000.0,47451500000.0,201700000.0,,357520000000.0,726301500000.0,1177460300000.0,70871200000.0,,,,,0.0,71493000000.0,272087900000.0,,3872973400000.0,25932733242.0,4244266500000.0,4217984000000.0,,6691764700000.0,5202695400000.0,1047042100000.0,4279271600000.0,2412493100000.0,3603412600000.0,1103837200000.0,191569400000.0,,,,-1160176000.0,181198800000.0,1779696200000.0
TSM,2025-12-31,12M,TWD,260281900000.0,,,-5394603600000.0,73445600000.0,,119305000000.0,1195867100000.0,31595000000.0,259325300000.0,2767856400000.0,3128297700000.0,6026500000.0,2761829900000.0,,259325300000.0,5355038700000.0,1518996200000.0,401124100000.0,3817130800000.0,,136925700000.0,136925700000.0,,,,1522414000000.0,,,,285258100000.0,3007600000.0,,1778700000.0,6012300000.0,,15032100000.0,29412900000.0,,,5891100000.0,24952600000.0,,9130363400000.0,0.0,,266732600000.0,,,288109500000.0,6388026400000.0,134337100000.0,172189000000.0,37851900000.0,53319200000.0,,,,31595000000.0,896062000000.0,927657000000.0,37851900000.0,,6360982000000.0,41180500000.0,,3735759800000.0,5330086100000.0,,,62940300000.0,3888800000.0,,62940300000.0,3888800000.0,,6012300000.0,4242600000.0,279051600000.0,25932524521.0,118664400000.0,136925700000.0,3084700000.0,,-16676400000.0,19061500000.0,,,115627400000.0,76651200000.0,63872900000.0,1198900000.0,,360441300000.0,877924200000.0,1279048300000.0,103355300000.0,,,,,0.0,70682200000.0,282059200000.0,,5038944200000.0,25932524521.0,5355038700000.0,5330086100000.0,,7932842500000.0,6251100700000.0,1064582700000.0,5396219200000.0,2536623300000.0,4115711700000.0,1014209300000.0,266732600000.0,,,,,188014400000.0,2294716800000.0
WIT,2022-03-31,12M,INR,28683000000.0,115219000000.0,1835000000.0,-129138000000.0,1566000000.0,,17046000000.0,66679000000.0,24233000000.0,10964000000.0,103836000000.0,351281000000.0,,103836000000.0,,10964000000.0,658158000000.0,16288000000.0,65794000000.0,620752000000.0,9056000000.0,95233000000.0,104289000000.0,875000000.0,30126000000.0,30126000000.0,308329000000.0,2771000000.0,,48000000.0,27337000000.0,1552000000.0,,,2720000000.0,6000000.0,2489000000.0,1306000000.0,,47061000000.0,246989000000.0,290544000000.0,,238906000000.0,3032000000.0,,,,,1334000000.0,809854000000.0,19535000000.0,20309000000.0,,6091000000.0,,3000000.0,,15177000000.0,56463000000.0,71640000000.0,774000000.0,1000000.0,147337000000.0,515000000.0,47860000000.0,109768000000.0,367614000000.0,19283000000.0,,5721000000.0,12141000000.0,0.0,2298000000.0,12141000000.0,,,8475000000.0,,10964140230.0,1223000000.0,95230000000.0,20162000000.0,47061000000.0,47315000000.0,43555000000.0,,1657000000.0,4324000000.0,7812000000.0,626000000.0,2511000000.0,88073000000.0,247445000000.0,69877000000.0,135671000000.0,15310000000.0,,,,47941000000.0,0.0,28000000.0,215066000000.0,,551252000000.0,10993519688.0,658158000000.0,367614000000.0,9939000000.0,1079182000000.0,714621000000.0,175929000000.0,658673000000.0,420509000000.0,458430000000.0,112180000000.0,13231000000.0,17818000000.0,29379458.0,,,,312423000000.0
WIT,2023-03-31,12M,INR,21728000000.0,126350000000.0,386000000.0,-127988000000.0,3689000000.0,,15647000000.0,75646000000.0,24573000000.0,10976000000.0,91880000000.0,401866000000.0,,91880000000.0,,10976000000.0,781164000000.0,6323000000.0,67326000000.0,661096000000.0,8620000000.0,88821000000.0,97441000000.0,1037000000.0,24700000000.0,24700000000.0,267753000000.0,2549000000.0,,179000000.0,0.0,1534000000.0,22000000.0,,2947000000.0,29000000.0,5073000000.0,1158000000.0,,46803000000.0,307970000000.0,351015000000.0,,235349000000.0,1844000000.0,,,,,1188000000.0,931257000000.0,20720000000.0,21500000000.0,,6138000000.0,,88821000000.0,,15953000000.0,61272000000.0,77225000000.0,780000000.0,,144662000000.0,589000000.0,58213000000.0,107361000000.0,430149000000.0,17549000000.0,,5297000000.0,15153000000.0,,2100000000.0,15153000000.0,,,6941000000.0,,10956043810.0,1464000000.0,88802000000.0,19063000000.0,46803000000.0,58732000000.0,43045000000.0,,,5034000000.0,9035000000.0,215000000.0,2580000000.0,90722000000.0,309986000000.0,40789000000.0,108115000000.0,15885000000.0,,,,23219000000.0,0.0,30000000.0,230478000000.0,,660964000000.0,10975835482.0,781164000000.0,430149000000.0,13020000000.0,1175822000000.0,842436000000.0,174666000000.0,781753000000.0,394069000000.0,514726000000.0,126316000000.0,18846000000.0,21777000000.0,19791672.0,,,,393343000000.0
WIT,2024-03-31,12M,INR,23275000000.0,115477000000.0,230000000.0,-120497000000.0,3291000000.0,,15830000000.0,75477000000.0,23183000000.0,10450000000.0,96953000000.0,410012000000.0,,96953000000.0,,10450000000.0,749883000000.0,7480000000.0,65638000000.0,650662000000.0,9221000000.0,79166000000.0,88387000000.0,927000000.0,19612000000.0,19521000000.0,252458000000.0,1971000000.0,,4307000000.0,34000000.0,939000000.0,59000000.0,,4219000000.0,25000000.0,5799000000.0,880000000.0,,42129000000.0,316002000000.0,348750000000.0,,220060000000.0,1333000000.0,,,347000000.0,,907000000.0,891349000000.0,21629000000.0,22673000000.0,,5718000000.0,,79166000000.0,,13962000000.0,62300000000.0,76262000000.0,1044000000.0,,129143000000.0,1340000000.0,44513000000.0,99563000000.0,401133000000.0,21795000000.0,,4346000000.0,17524000000.0,0.0,1817000000.0,17467000000.0,,,4645000000.0,,10438371012.0,1010000000.0,,15395000000.0,42129000000.0,63077000000.0,32748000000.0,,,4378000000.0,9180000000.0,333000000.0,2242000000.0,84568000000.0,313059000000.0,45398000000.0,111036000000.0,16057000000.0,,,,22876000000.0,0.0,27000000.0,213117000000.0,480000000.0,630936000000.0,10450276492.0,749883000000.0,401133000000.0,12842000000.0,1152459000000.0,812183000000.0,164649000000.0,751223000000.0,401236000000.0,501797000000.0,148778000000.0,21756000000.0,37286000000.0,11905480.0,,,,398204000000.0
WIT,2025-03-31,12M,INR,21985000000.0,117745000000.0,596000000.0,-122030000000.0,2628000000.0,,20300000000.0,87594000000.0,30218000000.0,20944000000.0,121974000000.0,532373000000.0,,121974000000.0,,20944000000.0,828309000000.0,2211000000.0,66756000000.0,777775000000.0,8025000000.0,97863000000.0,105888000000.0,1538000000.0,21657000000.0,21362000000.0,286253000000.0,1637000000.0,,4945000000.0,64000000.0,,,,4362000000.0,0.0,6158000000.0,685000000.0,,27778000000.0,325014000000.0,352464000000.0,,228314000000.0,1820000000.0,,,489000000.0,,694000000.0,990126000000.0,26458000000.0,27785000000.0,,5497000000.0,,97863000000.0,,22193000000.0,63954000000.0,86147000000.0,1327000000.0,294000000.0,127567000000.0,2138000000.0,39843000000.0,106284000000.0,475845000000.0,11798000000.0,,6216000000.0,17530000000.0,1026000000.0,2561000000.0,16443000000.0,,,4200000000.0,,10460230569.0,472000000.0,,16529000000.0,27778000000.0,60482000000.0,27450000000.0,,,-2000000.0,14131000000.0,1255000000.0,5445000000.0,86300000000.0,410399000000.0,57785000000.0,124541000000.0,16001000000.0,,,,21067000000.0,0.0,9000000.0,218360000000.0,1451000000.0,716477000000.0,10472136049.0,828309000000.0,475845000000.0,13719000000.0,1286520000000.0,892263000000.0,192035000000.0,830447000000.0,456073000000.0,508745000000.0,169820000000.0,34481000000.0,42411000000.0,11905480.0,,,,491522000000.0
