symbol,asOfDate,periodType,currencyCode,Amortization,AmortizationOfIntangiblesIncomeStatement,BasicAverageShares,BasicEPS,CostOfRevenue,DepreciationAmortizationDepletionIncomeStatement,DepreciationAndAmortizationInIncomeStatement,DilutedAverageShares,DilutedEPS,DilutedNIAvailtoComStockholders,EBIT,EBITDA,EarningsFromEquityInterest,EarningsFromEquityInterestNetOfTax,GainOnSaleOfBusiness,GainOnSaleOfPPE,GainOnSaleOfSecurity,GeneralAndAdministrativeExpense,GrossProfit,InterestExpense,InterestExpenseNonOperating,InterestIncome,InterestIncomeNonOperating,MinorityInterests,NetIncome,NetIncomeCommonStockholders,NetIncomeContinuousOperations,NetIncomeDiscontinuousOperations,NetIncomeFromContinuingAndDiscontinuedOperation,NetIncomeFromContinuingOperationNetMinorityInterest,NetIncomeIncludingNoncontrollingInterests,NetInterestIncome,NetNonOperatingInterestIncomeExpense,NormalizedEBITDA,NormalizedIncome,OperatingExpense,OperatingIncome,OperatingRevenue,OtherGandA,OtherIncomeExpense,OtherNonOperatingIncomeExpenses,OtherOperatingExpenses,OtherSpecialCharges,PreferredStockDividends,PretaxIncome,ProvisionForDoubtfulAccounts,ReconciledCostOfRevenue,ReconciledDepreciation,ResearchAndDevelopment,RestructuringAndMergernAcquisition,SalariesAndWages,SellingAndMarketingExpense,SellingGeneralAndAdministration,SpecialIncomeCharges,TaxEffectOfUnusualItems,TaxProvision,TaxRateForCalcs,TotalExpenses,TotalOperatingIncomeAsReported,TotalOtherFinanceCost,TotalRevenue,TotalUnusualItems,TotalUnusualItemsExcludingGoodwill,WriteOff
AAPL,2021-09-30,12M,USD,,,,,,,,,,,,,,,,,,,,2645000000.0,2645000000.0,2843000000.0,2843000000.0,,,,,,,,,198000000.0,198000000.0,,,,,,,,,,,,,,,,,,,,,,,,,,,,,,,
AAPL,2022-09-30,12M,USD,,,16215963000.0,6.15,223546000000.0,,,16325819000.0,6.11,99803000000.0,119437000000.0,130541000000.0,,,,,,,170782000000.0,2931000000.0,2931000000.0,2825000000.0,2825000000.0,,99803000000.0,99803000000.0,99803000000.0,,99803000000.0,99803000000.0,99803000000.0,-106000000.0,-106000000.0,130541000000.0,99803000000.0,51345000000.0,119437000000.0,394328000000.0,,-334000000.0,-334000000.0,,,,119103000000.0,,223546000000.0,11104000000.0,26251000000.0,,,,25094000000.0,,0.0,19300000000.0,0.162,274891000000.0,119437000000.0,,394328000000.0,,,
AAPL,2023-09-30,12M,USD,,,15744231000.0,6.16,214137000000.0,,,15812547000.0,6.13,96995000000.0,114301000000.0,125820000000.0,,,,,,,169148000000.0,3933000000.0,3933000000.0,3750000000.0,3750000000.0,,96995000000.0,96995000000.0,96995000000.0,,96995000000.0,96995000000.0,96995000000.0,-183000000.0,-183000000.0,125820000000.0,96995000000.0,54847000000.0,114301000000.0,383285000000.0,,-565000000.0,-565000000.0,,,,113736000000.0,,214137000000.0,11519000000.0,29915000000.0,,,,24932000000.0,,0.0,16741000000.0,0.147,268984000000.0,114301000000.0,,383285000000.0,,,
AAPL,2023-09-30,TTM,USD,,,15744231000.0,6.16,,,,15812547000.0,6.13,,,,,,,,,,,,,,,,,,,,,,,,,,,,,,,,,,,,,,,,,,,,,,,,,,,,,,,
AAPL,2023-12-31,TTM,USD,,,15648491000.0,6.46,,,,15717777750.0,6.43,,,,,,,,,,,,,,,,,,,,,,,,,,,,,,,,,,,,,,,,,,,,,,,,,,,,,,,
AAPL,2024-03-31,TTM,USD,,,15553166500.0,6.46,,,,15622192500.0,6.43,,,,,,,,,,,,,,,,,,,,,,,,,,,,,,,,,,,,,,,,,,,,,,,,,,,,,,,
AAPL,2024-06-30,TTM,USD,,,15450643500.0,6.6,,,,15515481000.0,6.57,,,,,,,,,,,,,,,,,,,,,,,,,,,,,,,,,,,,,,,,,,,,,,,,,,,,,,,
AAPL,2024-09-30,12M,USD,,,15343783000.0,6.11,210352000000.0,,,15408095000.0,6.08,93736000000.0,123216000000.0,134661000000.0,,,,,,,180683000000.0,,,,,,93736000000.0,93736000000.0,93736000000.0,,93736000000.0,93736000000.0,93736000000.0,,,134661000000.0,93736000000.0,57467000000.0,123216000000.0,391035000000.0,,269000000.0,269000000.0,,,,123485000000.0,,210352000000.0,11445000000.0,31370000000.0,,,,26097000000.0,,0.0,29749000000.0,0.241,267819000000.0,123216000000.0,,391035000000.0,,,
AAPL,2024-09-30,TTM,USD,,,15343783000.0,6.11,,,,15408095000.0,6.08,,,,,,,,,,,,,,,,,,,,,,,,,,,,,,,,,,,,,,,,,,,,,,,,,,,,,,,
AAPL,2024-12-31,TTM,USD,,,15236773250.0,6.33,,,,15301651000.0,6.3,,,,,,,,,,,,,,,,,,,,,,,,,,,,,,,,,,,,,,,,,,,,,,,,,,,,,,,
AAPL,2025-03-31,TTM,USD,,,15133829500.0,6.45,,,,15199507000.0,6.42,,,,,,,,,,,,,,,,,,,,,,,,,,,,,,,,,,,,,,,,,,,,,,,,,,,,,,,
AAPL,2025-06-30,TTM,USD,,,15037671250.0,6.62,217886000000.0,,,15099508250.0,6.59,99280000000.0,130214000000.0,141696000000.0,,,,,,,190739000000.0,,,,,,99280000000.0,99280000000.0,99280000000.0,,99280000000.0,99280000000.0,99280000000.0,,,141696000000.0,99280000000.0,60525000000.0,130214000000.0,408625000000.0,,-679000000.0,-679000000.0,,,,129535000000.0,,217886000000.0,11482000000.0,33449000000.0,,,,27076000000.0,,0.0,30255000000.0,0.233566,278411000000.0,130214000000.0,,408625000000.0,,,
AAPL,2025-09-30,12M,USD,,,14948500000.0,7.49,220960000000.0,,,15004697000.0,7.46,112010000000.0,133050000000.0,144748000000.0,,,,,,,195201000000.0,,,,,,112010000000.0,112010000000.0,112010000000.0,,112010000000.0,112010000000.0,112010000000.0,,,144748000000.0,112010000000.0,62151000000.0,133050000000.0,416161000000.0,,-321000000.0,-321000000.0,,,,132729000000.0,,220960000000.0,11698000000.0,34550000000.0,,,,27601000000.0,,0.0,20719000000.0,0.156,283111000000.0,133050000000.0,,416161000000.0,,,
AAPL,2025-09-30,TTM,USD,,,14948500000.0,7.49,,,,15004697000.0,7.46,,,,,,,,,,,,,,,,,,,,,,,,,,,,,,,,,,,,,,,,,,,,,,,,,,,,,,,
AAPL,2025-12-31,TTM,USD,,,14865108500.0,7.93,,,,14919569750.0,7.9,,,,,,,,,,,,,,,,,,,,,,,,,,,,,,,,,,,,,,,,,,,,,,,,,,,,,,,
AAPL,2026-03-31,TTM,USD,,,14784907500.0,8.3,235371000000.0,,,14837005000.0,8.26,122575000000.0,147366000000.0,159976000000.0,,,,,,,216071000000.0,,,,,,122575000000.0,122575000000.0,122575000000.0,,122575000000.0,122575000000.0,122575000000.0,,,159976000000.0,122575000000.0,68705000000.0,147366000000.0,451442000000.0,,304000000.0,304000000.0,,,,147670000000.0,,235371000000.0,12610000000.0,40038000000.0,,,,28667000000.0,,0.0,25095000000.0,0.16994,304076000000.0,147366000000.0,,451442000000.0,,,
ADBE,2022-11-30,12M,USD,169000000.0,169000000.0,470000000.0,10.13,2165000000.0,169000000.0,169000000.0,471000000.0,10.1,4756000000.0,6120000000.0,6976000000.0,,,,,-40000000.0,1219000000.0,15441000000.0,112000000.0,112000000.0,61000000.0,61000000.0,,4756000000.0,4756000000.0,4756000000.0,,4756000000.0,4756000000.0,4756000000.0,-51000000.0,-51000000.0,7016000000.0,4787600000.0,9343000000.0,6098000000.0,17606000000.0,1219000000.0,-39000000.0,1000000.0,,,,6008000000.0,,1478000000.0,856000000.0,2987000000.0,0.0,,4968000000.0,6187000000.0,0.0,-8400000.0,1252000000.0,0.21,11508000000.0,6098000000.0,,17606000000.0,-40000000.0,-40000000.0,
ADBE,2022-11-30,TTM,USD,169000000.0,169000000.0,,,2165000000.0,169000000.0,169000000.0,,,4756000000.0,6120000000.0,6976000000.0,,,,,-40000000.0,1219000000.0,15441000000.0,112000000.0,112000000.0,61000000.0,61000000.0,,4756000000.0,4756000000.0,4756000000.0,,4756000000.0,4756000000.0,4756000000.0,-51000000.0,-51000000.0,7016000000.0,4787600000.0,9343000000.0,6098000000.0,17606000000.0,1219000000.0,-39000000.0,1000000.0,,,,6008000000.0,,1478000000.0,856000000.0,2987000000.0,,,4968000000.0,6187000000.0,,-8400000.0,1252000000.0,0.21,11508000000.0,6098000000.0,,17606000000.0,-40000000.0,-40000000.0,
ADBE,2023-11-30,12M,USD,168000000.0,168000000.0,457000000.0,11.87,2354000000.0,168000000.0,168000000.0,459000000.0,11.82,5428000000.0,6912000000.0,7784000000.0,,,,,-8000000.0,1413000000.0,17055000000.0,113000000.0,113000000.0,269000000.0,269000000.0,,5428000000.0,5428000000.0,5428000000.0,,5428000000.0,5428000000.0,5428000000.0,156000000.0,156000000.0,7792000000.0,5434400000.0,10405000000.0,6650000000.0,19409000000.0,1413000000.0,-7000000.0,1000000.0,,,,6799000000.0,,1650000000.0,872000000.0,3473000000.0,0.0,,5351000000.0,6764000000.0,0.0,-1600000.0,1371000000.0,0.2,12759000000.0,6650000000.0,,19409000000.0,-8000000.0,-8000000.0,
ADBE,2023-11-30,TTM,USD,,,457000000.0,11.87,,,,459000000.0,11.82,,,,,,,,,,,,,,,,,,,,,,,,,,,,,,,,,,,,,,,,,,,,,,,,,,,,,,,
ADBE,2024-02-29,TTM,USD,,,455500000.0,10.52,,,,458000000.0,10.47,,,,,,,,,,,,,,,,,,,,,,,,,,,,,,,,,,,,,,,,,,,,,,,,,,,,,,,
ADBE,2024-05-31,TTM,USD,,,453500000.0,11.18,,,,456500000.0,11.11,,,,,,,,,,,,,,,,,,,,,,,,,,,,,,,,,,,,,,,,,,,,,,,,,,,,,,,
ADBE,2024-08-31,TTM,USD,,,450250000.0,11.88,,,,453750000.0,11.81,,,,,,,,,,,,,,,,,,,,,,,,,,,,,,,,,,,,,,,,,,,,,,,,,,,,,,,
ADBE,2024-11-30,12M,USD,169000000.0,169000000.0,447000000.0,12.43,2358000000.0,169000000.0,169000000.0,450000000.0,12.36,5560000000.0,7100000000.0,7957000000.0,,,,,18000000.0,1529000000.0,19147000000.0,169000000.0,169000000.0,341000000.0,341000000.0,,5560000000.0,5560000000.0,5560000000.0,,5560000000.0,5560000000.0,5560000000.0,172000000.0,172000000.0,8939000000.0,6345600000.0,11406000000.0,7741000000.0,21505000000.0,1529000000.0,-982000000.0,,,,,6931000000.0,,1670000000.0,857000000.0,3944000000.0,1000000000.0,,5764000000.0,7293000000.0,-1000000000.0,-196400000.0,1371000000.0,0.2,13764000000.0,6741000000.0,,21505000000.0,-982000000.0,-982000000.0,
ADBE,2024-11-30,TTM,USD,,,447100000.0,12.43,,,,449700000.0,12.36,,,,,,,,,,,,,,,,,,,,,,,,,,,,,,,,,,,,,,,,,,,,,,,,,,,,,,,
ADBE,2025-02-28,TTM,USD,,,442850000.0,15.21,,,,445200000.0,15.14,,,,,,,,,,,,,,,,,,,,,,,,,,,,,,,,,,,,,,,,,,,,,,,,,,,,,,,
ADBE,2025-05-31,TTM,USD,,,437600000.0,15.67,,,,439200000.0,15.61,,,,,,,,,,,,,,,,,,,,,,,,,,,,,,,,,,,,,,,,,,,,,,,,,,,,,,,
ADBE,2025-08-31,TTM,USD,,,432100000.0,16.08,,,,433200000.0,16.04,,,,,,,,,,,,,,,,,,,,,,,,,,,,,,,,,,,,,,,,,,,,,,,,,,,,,,,
ADBE,2025-11-30,12M,USD,157000000.0,157000000.0,426000000.0,16.73,2551000000.0,157000000.0,157000000.0,427000000.0,16.7,7130000000.0,8997000000.0,9815000000.0,,,,,27000000.0,1573000000.0,21218000000.0,263000000.0,263000000.0,264000000.0,264000000.0,,7130000000.0,7130000000.0,7130000000.0,,7130000000.0,7130000000.0,7130000000.0,1000000.0,1000000.0,9788000000.0,7107860000.0,12512000000.0,8706000000.0,23769000000.0,1573000000.0,27000000.0,,,,,8734000000.0,,1890000000.0,818000000.0,4294000000.0,0.0,,6488000000.0,8061000000.0,0.0,4860000.0,1604000000.0,0.18,15063000000.0,8706000000.0,,23769000000.0,27000000.0,27000000.0,
ADBE,2025-11-30,TTM,USD,,,426000000.0,16.73,,,,427000000.0,16.7,,,,,,,,,,,,,,,,,,,,,,,,,,,,,,,,,,,,,,,,,,,,,,,,,,,,,,,
ADBE,2026-02-28,TTM,USD,151000000.0,151000000.0,419500000.0,17.18,2593000000.0,151000000.0,151000000.0,420250000.0,17.16,7208000000.0,9238000000.0,10013000000.0,,,,,26000000.0,1669000000.0,21860000000.0,264000000.0,264000000.0,,,,7208000000.0,7208000000.0,7208000000.0,,7208000000.0,7208000000.0,7208000000.0,0.0,0.0,9987000000.0,7187116558.948072,12899000000.0,8961000000.0,24453000000.0,1669000000.0,13000000.0,,,,,8974000000.0,,1969000000.0,775000000.0,4378000000.0,,,6701000000.0,8370000000.0,,5116558.948072,1766000000.0,0.196791,15492000000.0,8961000000.0,,24453000000.0,26000000.0,26000000.0,
AMZN,2022-12-31,12M,USD,,,10189000000.0,-0.27,288831000000.0,,,10189000000.0,-0.27,-2722000000.0,-3569000000.0,38352000000.0,,-3000000.0,,,-16266000000.0,11891000000.0,225152000000.0,2367000000.0,2367000000.0,989000000.0,989000000.0,,-2722000000.0,-2722000000.0,-2722000000.0,,-2722000000.0,-2722000000.0,-2722000000.0,-1378000000.0,-1378000000.0,54618000000.0,10128140000.0,212904000000.0,12248000000.0,513983000000.0,11891000000.0,-16806000000.0,-540000000.0,158775000000.0,,,-5936000000.0,,288831000000.0,41921000000.0,,,,42238000000.0,54129000000.0,,-3415860000.0,,0.21,501735000000.0,12248000000.0,,513983000000.0,-16266000000.0,-16266000000.0,
AMZN,2023-09-30,TTM,USD,,,10270000000.0,1.95,,,,10394500000.0,1.91,,,,,,,,,,,,,,,,,,,,,,,,,,,,,,,,,,,,,,,,,,,,,,,,,,,,,,,
AMZN,2023-12-31,12M,USD,,,10304000000.0,2.95,304739000000.0,,,10492000000.0,2.9,30425000000.0,40739000000.0,89402000000.0,,-12000000.0,,,1050000000.0,11816000000.0,270046000000.0,3182000000.0,3182000000.0,2949000000.0,2949000000.0,,30425000000.0,30425000000.0,30425000000.0,,30425000000.0,30425000000.0,30425000000.0,-233000000.0,-233000000.0,88352000000.0,29574057432.702293,233194000000.0,36852000000.0,574785000000.0,11816000000.0,938000000.0,-112000000.0,177008000000.0,,,37557000000.0,,304739000000.0,48663000000.0,,,,44370000000.0,56186000000.0,,199057432.702293,,0.189579,537933000000.0,36852000000.0,,574785000000.0,1050000000.0,1050000000.0,
AMZN,2023-12-31,TTM,USD,,,10304000000.0,2.95,,,,10492000000.0,2.9,,,,,,,,,,,,,,,,,,,,,,,,,,,,,,,,,,,,,,,,,,,,,,,,,,,,,,,
AMZN,2024-03-31,TTM,USD,,,10339750000.0,3.64,,,,10572750000.0,3.57,,,,,,,,,,,,,,,,,,,,,,,,,,,,,,,,,,,,,,,,,,,,,,,,,,,,,,,
AMZN,2024-06-30,TTM,USD,,,10380000000.0,4.28,,,,10637500000.0,4.19,,,,,,,,,,,,,,,,,,,,,,,,,,,,,,,,,,,,,,,,,,,,,,,,,,,,,,,
AMZN,2024-09-30,TTM,USD,,,10424750000.0,4.78,,,,10681750000.0,4.68,,,,,,,,,,,,,,,,,,,,,,,,,,,,,,,,,,,,,,,,,,,,,,,,,,,,,,,
AMZN,2024-12-31,12M,USD,,,10473000000.0,5.66,326288000000.0,,,10721000000.0,5.53,59248000000.0,71020000000.0,123815000000.0,,-101000000.0,,,-1836000000.0,11359000000.0,311671000000.0,2406000000.0,2406000000.0,4677000000.0,4677000000.0,,59248000000.0,59248000000.0,59248000000.0,,59248000000.0,59248000000.0,59248000000.0,2271000000.0,2271000000.0,125651000000.0,60836083539.802376,243078000000.0,68593000000.0,637959000000.0,11359000000.0,-2250000000.0,-414000000.0,187812000000.0,,,68614000000.0,,326288000000.0,52795000000.0,,,,43907000000.0,55266000000.0,,-247916460.197627,,0.135031,569366000000.0,68593000000.0,,637959000000.0,-1836000000.0,-1836000000.0,
AMZN,2024-12-31,TTM,USD,,,10473000000.0,5.66,,,,10721000000.0,5.53,,,,,,,,,,,,,,,,,,,,,,,,,,,,,,,,,,,,,,,,,,,,,,,,,,,,,,,
AMZN,2025-03-31,TTM,USD,,,10525500000.0,6.28,,,,10751750000.0,6.14,,,,,,,,,,,,,,,,,,,,,,,,,,,,,,,,,,,,,,,,,,,,,,,,,,,,,,,
AMZN,2025-06-30,TTM,USD,,,10573000000.0,6.68,337655000000.0,,,10776500000.0,6.56,70623000000.0,85152000000.0,143714000000.0,,-37000000.0,,,4462000000.0,11169000000.0,332383000000.0,2230000000.0,2230000000.0,4655000000.0,4655000000.0,,70623000000.0,70623000000.0,70623000000.0,,70623000000.0,70623000000.0,70623000000.0,2425000000.0,2425000000.0,139252000000.0,66820813366.77842,256193000000.0,76190000000.0,670038000000.0,11169000000.0,4307000000.0,-155000000.0,200112000000.0,,,82922000000.0,,337655000000.0,58562000000.0,,,,44912000000.0,56081000000.0,,659813366.778418,12262000000.0,0.147874,593848000000.0,76190000000.0,,670038000000.0,4462000000.0,4462000000.0,
AMZN,2025-09-30,TTM,USD,,,10616250000.0,7.21,,,,10803500000.0,7.08,,,,,,,,,,,,,,,,,,,,,,,,,,,,,,,,,,,,,,,,,,,,,,,,,,,,,,,
AMZN,2025-12-31,12M,USD,,,10656000000.0,7.29,356414000000.0,,,10827000000.0,7.17,77670000000.0,99585000000.0,165341000000.0,,-554000000.0,,,15320000000.0,11172000000.0,360510000000.0,2274000000.0,2274000000.0,4381000000.0,4381000000.0,,77670000000.0,77670000000.0,77670000000.0,,77670000000.0,77670000000.0,77670000000.0,2107000000.0,2107000000.0,150021000000.0,65354930994.440506,280535000000.0,79975000000.0,716924000000.0,11172000000.0,15229000000.0,-91000000.0,222234000000.0,,,97311000000.0,,356414000000.0,65756000000.0,,,,47129000000.0,58301000000.0,,3004930994.440505,,0.196144,636949000000.0,79975000000.0,,716924000000.0,15320000000.0,15320000000.0,
AMZN,2025-12-31,TTM,USD,,,10656000000.0,7.29,,,,10827000000.0,7.17,,,,,,,,,,,,,,,,,,,,,,,,,,,,,,,,,,,,,,,,,,,,,,,,,,,,,,,
AMZN,2026-03-31,TTM,USD,,,10691000000.0,8.49,366901000000.0,,,10847250000.0,8.36,90798000000.0,117999000000.0,188438000000.0,,-574000000.0,,,28218000000.0,11131000000.0,375875000000.0,2533000000.0,2533000000.0,4450000000.0,4450000000.0,,90798000000.0,90798000000.0,90798000000.0,,90798000000.0,90798000000.0,90798000000.0,1917000000.0,1917000000.0,160220000000.0,68468179134.98346,290453000000.0,85422000000.0,742776000000.0,11131000000.0,28127000000.0,-91000000.0,231642000000.0,,,115466000000.0,,366901000000.0,70439000000.0,,,,47680000000.0,58811000000.0,,5888179134.983458,24094000000.0,0.208667,657354000000.0,85422000000.0,,742776000000.0,28218000000.0,28218000000.0,
ASML,2021-12-31,12M,EUR,,,,,,,,,,,,,,,213700000.0,,,,,,,,,,,,,,,,,,,,,,,,,213700000.0,213700000.0,,,,,,,,,,,,,213700000.0,,,,,,,,213700000.0,213700000.0,
ASML,2022-12-31,12M,EUR,,,397700000.0,16.08,10473300000.0,,,398000000.0,16.07,5624200000.0,6516900000.0,7100500000.0,,138000000.0,,,,,10700100000.0,60800000.0,60800000.0,16200000.0,16200000.0,,5624200000.0,5624200000.0,5624200000.0,,5624200000.0,5624200000.0,5624200000.0,-44600000.0,-44600000.0,7100500000.0,5624200000.0,4199400000.0,6500700000.0,21173400000.0,,,,,,,6456100000.0,,10473300000.0,583600000.0,3253500000.0,,,,945900000.0,,0.0,969900000.0,0.15023,14672700000.0,6500700000.0,,21173400000.0,,,
ASML,2023-09-30,TTM,EUR,,,393350000.0,19.32,,,,393575000.0,19.31,,,,,,,,,,,,,,,,,,,,,,,,,,,,,,,,,,,,,,,,,,,,,,,,,,,,,,,
ASML,2023-12-31,12M,EUR,,,393800000.0,20.61,13422400000.0,,,394100000.0,20.59,7839000000.0,9236200000.0,9976000000.0,,191300000.0,,,,,14136100000.0,152700000.0,152700000.0,193900000.0,193900000.0,,7839000000.0,7839000000.0,7839000000.0,,7839000000.0,7839000000.0,7839000000.0,41200000.0,41200000.0,9976000000.0,7839000000.0,5093800000.0,9042300000.0,27558500000.0,,,,,,,9083500000.0,,13422400000.0,739800000.0,3980600000.0,,,,1113200000.0,,0.0,1435800000.0,0.158,18516200000.0,9042300000.0,,27558500000.0,,,
ASML,2024-03-31,TTM,EUR,,,393525000.0,18.06,,,,393825000.0,18.06,,,,,,,,,,,,,,,,,,,,,,,,,,,,,,,,,,,,,,,,,,,,,,,,,,,,,,,
ASML,2024-06-30,TTM,EUR,,,393550000.0,17.13,,,,393900000.0,17.13,,,,,,,,,,,,,,,,,,,,,,,,,,,,,,,,,,,,,,,,,,,,,,,,,,,,,,,
ASML,2024-12-31,12M,EUR,,,393300000.0,19.25,13770900000.0,,,393600000.0,19.24,7571600000.0,9205000000.0,10123600000.0,,209800000.0,,,,,14492000000.0,162600000.0,162600000.0,182400000.0,182400000.0,,7571600000.0,7571600000.0,7571600000.0,,7571600000.0,7571600000.0,7571600000.0,19800000.0,19800000.0,10123600000.0,7571600000.0,5469400000.0,9022600000.0,28262900000.0,,,,,,,9042400000.0,,13770900000.0,918600000.0,4303700000.0,,,,1165700000.0,,0.0,1680600000.0,0.186,19240300000.0,9022600000.0,-19800000.0,28262900000.0,,,
ASML,2024-12-31,TTM,EUR,,,393300000.0,19.25,,,,393600000.0,19.24,,,,,,,,,,,,,,,,,,,,,,,,,,,,,,,,,,,,,,,,,,,,,,,,,,,,,,,
ASML,2025-03-31,TTM,EUR,,,393025000.0,22.14,,,,393300000.0,22.13,,,,,,,,,,,,,,,,,,,,,,,,,,,,,,,,,,,,,,,,,,,,,,,,,,,,,,,
ASML,2025-06-30,TTM,EUR,,,391750000.0,24.07,15252100000.0,,,392000000.0,24.06,9427300000.0,11445400000.0,12399900000.0,,254600000.0,,,,,16911200000.0,140900000.0,140900000.0,220400000.0,220400000.0,,9427300000.0,9427300000.0,9427300000.0,,9427300000.0,9427300000.0,9427300000.0,79500000.0,79500000.0,12399900000.0,9427300000.0,5686200000.0,11225000000.0,32163300000.0,,,,,,,11304500000.0,,15252100000.0,954500000.0,4491300000.0,,,,1194900000.0,,0.0,2131800000.0,0.18858,20938300000.0,11225000000.0,,32163300000.0,,,
ASML,2025-09-30,TTM,EUR,,,390225000.0,24.24,,,,390525000.0,24.23,,,,,,,,,,,,,,,,,,,,,,,,,,,,,,,,,,,,,,,,,,,,,,,,,,,,,,,
ASML,2025-12-31,12M,EUR,,,388500000.0,26.29,15409300000.0,,,388900000.0,26.26,9609400000.0,11524400000.0,12550300000.0,,216700000.0,,,,,17258000000.0,118300000.0,118300000.0,223000000.0,223000000.0,,9609400000.0,9609400000.0,9609400000.0,,9609400000.0,9609400000.0,9609400000.0,104700000.0,104700000.0,12550300000.0,9609400000.0,5956600000.0,11301400000.0,32667300000.0,,,,,,,11406100000.0,,15409300000.0,1025900000.0,4698800000.0,,,,1257800000.0,,0.0,2013400000.0,0.177,21365900000.0,11301400000.0,-104700000.0,32667300000.0,,,
ASML,2025-12-31,TTM,EUR,,,388500000.0,24.73,,,,388900000.0,24.71,,,,,,,,,,,,,,,,,,,,,,,,,,,,,,,,,,,,,,,,,,,,,,,,,,,-104700000.0,,,,
ASML,2026-03-31,TTM,EUR,,,386775000.0,25.88,15969400000.0,,,387200000.0,25.86,10011100000.0,11944300000.0,11944300000.0,,288300000.0,,,,,17723300000.0,,,,,,10011100000.0,10011100000.0,10011100000.0,,10011100000.0,10011100000.0,10011100000.0,96400000.0,96400000.0,11944300000.0,10011100000.0,6002000000.0,11721300000.0,33692700000.0,,,,,,,11817700000.0,,15969400000.0,1044000000.0,4722600000.0,,,,1279400000.0,,0.0,2094900000.0,0.177268,21971400000.0,11721300000.0,,33692700000.0,,,
AVGO,2020-10-31,TTM,USD,,,,,,,,,,,,,,,,,31000000.0,,,,,53000000.0,53000000.0,0.0,,,,,,,,,,,,,,,,,,,-116000000.0,,,,,,,,,,,,,,,,,,,,,0.0
AVGO,2021-10-31,12M,USD,,,,,,,,,,,,,,,,,,,,,,,,,,,,,,,,,,,,,,,,,,,,299000000.0,,,,,,,,,,,,,,,,,,,,
AVGO,2022-10-31,12M,USD,1512000000.0,1512000000.0,4090000000.0,2.744,11108000000.0,1512000000.0,1512000000.0,4230000000.0,2.653,11223000000.0,14171000000.0,19155000000.0,,,,,-169000000.0,,22095000000.0,1737000000.0,1737000000.0,100000000.0,100000000.0,,11495000000.0,11223000000.0,11495000000.0,0.0,11495000000.0,11495000000.0,11495000000.0,-1637000000.0,-1637000000.0,19381000000.0,11704050000.0,7813000000.0,14282000000.0,33203000000.0,,-211000000.0,15000000.0,,,272000000.0,12434000000.0,,7636000000.0,4984000000.0,4919000000.0,57000000.0,,,1382000000.0,-57000000.0,-16950000.0,939000000.0,0.075,18921000000.0,14225000000.0,,33203000000.0,-226000000.0,-226000000.0,
AVGO,2023-10-31,12M,USD,1394000000.0,1394000000.0,4150000000.0,3.393,11129000000.0,1394000000.0,1394000000.0,4270000000.0,3.298,14082000000.0,16719000000.0,20554000000.0,,,,,11000000.0,,24690000000.0,1622000000.0,1622000000.0,535000000.0,535000000.0,,14082000000.0,14082000000.0,14082000000.0,0.0,14082000000.0,14082000000.0,14082000000.0,-1087000000.0,-1087000000.0,20787000000.0,14299389000.0,8239000000.0,16451000000.0,35819000000.0,,-267000000.0,-34000000.0,,,,15097000000.0,,8688000000.0,3835000000.0,5253000000.0,244000000.0,,,1592000000.0,-244000000.0,-15611000.0,1015000000.0,0.067,19368000000.0,16207000000.0,,35819000000.0,-233000000.0,-233000000.0,
AVGO,2023-10-31,TTM,USD,,,415000000.0,33.93,,,,427000000.0,32.98,,,,,,,,,,,,,,,,,,,,,,,,,,,,,,,,,,,,,,,,,,,,,,,,,,,,,,,
AVGO,2024-01-31,TTM,USD,,,423500000.0,27.83,,,,436500000.0,27.02,,,,,,,,,,,,,,,,,,,,,,,,,,,,,,,,,,,,,,,,,,,,,,,,,,,,,,,
AVGO,2024-04-30,TTM,USD,,,4355000000.0,2.405,,,,4495000000.0,2.332,,,,,,,,,,,,,,,,,,,,,,,,,,,,,,,,,,,,,,,,,,,,,,,,,,,,,,,
AVGO,2024-07-31,TTM,USD,,,4489000000.0,1.193,,,,4636000000.0,1.158,,,,,,,,,,,,,,,,,,,,,,,,,,,,,,,,,,,,,,,,,,,,,,,,,,,,,,,
AVGO,2024-10-31,12M,USD,3244000000.0,3244000000.0,4624000000.0,1.27,19065000000.0,3244000000.0,3244000000.0,4778000000.0,1.23,5895000000.0,13869000000.0,23879000000.0,,,,,-12000000.0,,32509000000.0,3953000000.0,3953000000.0,461000000.0,461000000.0,,5895000000.0,5895000000.0,6168000000.0,-273000000.0,5895000000.0,6168000000.0,5895000000.0,-3492000000.0,-3492000000.0,25424000000.0,7128990000.0,17513000000.0,14996000000.0,51574000000.0,,-1588000000.0,-43000000.0,,,,9916000000.0,,12299000000.0,10010000000.0,9310000000.0,1533000000.0,,,4959000000.0,-1533000000.0,-584010000.0,3748000000.0,0.378,36578000000.0,13463000000.0,,51574000000.0,-1545000000.0,-1545000000.0,
AVGO,2025-01-31,TTM,USD,,,4668500000.0,2.15,,,,4820500000.0,2.09,,,,,,,,,,,,,,,,,,,,,,,,,,,,,,,,,,,,,,,,,,,,,,,,,,,,,,,
AVGO,2025-04-30,TTM,USD,,,4685000000.0,2.75,,,,4828500000.0,2.67,,,,,,,,,,,,,,,,,,,,,,,,,,,,,,,,,,,,,,,,,,,,,,,,,,,,,,,
AVGO,2025-07-31,TTM,USD,,,4698250000.0,4.03,,,,4837250000.0,3.92,,,,,,,,,,,,,,,,,,,,,,,,,,,,,,,,,,,,,,,,,,,,,,,,,,,,,,,
AVGO,2025-10-31,12M,USD,2031000000.0,2031000000.0,4712000000.0,4.91,20593000000.0,2031000000.0,2031000000.0,4853000000.0,4.77,23126000000.0,25939000000.0,34714000000.0,,,,,-17000000.0,,43294000000.0,3210000000.0,3210000000.0,347000000.0,347000000.0,,23126000000.0,23126000000.0,23126000000.0,0.0,23126000000.0,23126000000.0,23126000000.0,-2863000000.0,-2863000000.0,35322000000.0,23606320000.0,17219000000.0,26075000000.0,63887000000.0,,-483000000.0,125000000.0,,,,22729000000.0,,13849000000.0,8775000000.0,10977000000.0,591000000.0,,,4211000000.0,-591000000.0,-127680000.0,-397000000.0,0.21,37812000000.0,25484000000.0,,63887000000.0,-608000000.0,-608000000.0,
AVGO,2025-10-31,TTM,USD,,,4712000000.0,4.91,,,,4853000000.0,4.77,,,,,,,,,,,,,,,,,,,,,,,,,,,,,,,,,,,,,,,,,,,,,,,,,,,,,,,
AVGO,2026-01-31,TTM,USD,2027000000.0,2027000000.0,4723500000.0,5.29,21976000000.0,2027000000.0,2027000000.0,4866000000.0,5.13,24972000000.0,28572000000.0,37326000000.0,,,,,,,46306000000.0,3138000000.0,3138000000.0,,,,24972000000.0,24972000000.0,24972000000.0,,24972000000.0,24972000000.0,24972000000.0,-2791000000.0,-2791000000.0,37865000000.0,25501209247.464024,17997000000.0,28309000000.0,68282000000.0,,-84000000.0,455000000.0,,,,25434000000.0,,15249000000.0,8754000000.0,11689000000.0,522000000.0,,,4281000000.0,-522000000.0,-9790752.535975,462000000.0,0.018165,39973000000.0,27787000000.0,,68282000000.0,-539000000.0,-539000000.0,
CSCO,2022-07-31,12M,USD,313000000.0,313000000.0,4170000000.0,2.83,19309000000.0,313000000.0,313000000.0,4192000000.0,2.82,11812000000.0,14837000000.0,16794000000.0,,,,,457000000.0,2101000000.0,32248000000.0,360000000.0,360000000.0,476000000.0,476000000.0,,11812000000.0,11812000000.0,11812000000.0,,11812000000.0,11812000000.0,11812000000.0,116000000.0,116000000.0,16343000000.0,11443984000.0,18273000000.0,13975000000.0,51557000000.0,2101000000.0,386000000.0,-65000000.0,,,,14477000000.0,,17665000000.0,1957000000.0,6774000000.0,6000000.0,,9085000000.0,11186000000.0,-6000000.0,82984000.0,2665000000.0,0.184,37582000000.0,13969000000.0,,51557000000.0,451000000.0,451000000.0,
CSCO,2023-07-31,12M,USD,282000000.0,282000000.0,4093000000.0,3.08,21245000000.0,282000000.0,282000000.0,4105000000.0,3.07,12613000000.0,15745000000.0,17471000000.0,,,,,-177000000.0,2478000000.0,35753000000.0,427000000.0,427000000.0,962000000.0,962000000.0,,12613000000.0,12613000000.0,12613000000.0,,12613000000.0,12613000000.0,12613000000.0,535000000.0,535000000.0,18179000000.0,13195684000.0,20191000000.0,15562000000.0,56998000000.0,2478000000.0,-779000000.0,-71000000.0,,,,15318000000.0,,19801000000.0,1726000000.0,7551000000.0,531000000.0,,9880000000.0,12358000000.0,-531000000.0,-125316000.0,2705000000.0,0.177,41436000000.0,15031000000.0,,56998000000.0,-708000000.0,-708000000.0,
CSCO,2023-10-31,TTM,USD,,,4080250000.0,3.33,,,,4097750000.0,3.31,,,,,,,,,,,,,,,,,,,,,,,,,,,,,,,,,,,,,,,,,,,,,,,,,,,,,,,
CSCO,2024-01-31,TTM,USD,,,4068500000.0,3.3,,,,4087000000.0,3.29,,,,,,,,,,,,,,,,,,,,,,,,,,,,,,,,,,,,,,,,,,,,,,,,,,,,,,,
CSCO,2024-04-30,TTM,USD,,,4056250000.0,2.98,,,,4075000000.0,2.96,,,,,,,,,,,,,,,,,,,,,,,,,,,,,,,,,,,,,,,,,,,,,,,,,,,,,,,
CSCO,2024-07-31,12M,USD,698000000.0,698000000.0,4043000000.0,2.55,18975000000.0,698000000.0,698000000.0,4062000000.0,2.54,10320000000.0,13240000000.0,15747000000.0,,,,,-166000000.0,2813000000.0,34828000000.0,1006000000.0,1006000000.0,1365000000.0,1365000000.0,,10320000000.0,10320000000.0,10320000000.0,,10320000000.0,10320000000.0,10320000000.0,359000000.0,359000000.0,16702000000.0,11126020000.0,21858000000.0,12970000000.0,53803000000.0,2813000000.0,-1095000000.0,-140000000.0,,,,12234000000.0,,17166000000.0,2507000000.0,7983000000.0,789000000.0,,10364000000.0,13177000000.0,-789000000.0,-148980000.0,1914000000.0,0.156,40833000000.0,12181000000.0,,53803000000.0,-955000000.0,-955000000.0,
CSCO,2024-07-31,TTM,USD,,,4043000000.0,2.55,,,,4062000000.0,2.54,,,,,,,,,,,,,,,,,,,,,,,,,,,,,,,,,,,,,,,,,,,,,,,,,,,,,,,
CSCO,2024-10-31,TTM,USD,,,4026250000.0,2.33,,,,4043500000.0,2.33,,,,,,,,,,,,,,,,,,,,,,,,,,,,,,,,,,,,,,,,,,,,,,,,,,,,,,,
CSCO,2025-01-31,TTM,USD,,,4008000000.0,2.29,,,,4026500000.0,2.28,,,,,,,,,,,,,,,,,,,,,,,,,,,,,,,,,,,,,,,,,,,,,,,,,,,,,,,
CSCO,2025-04-30,TTM,USD,,,3990500000.0,2.46,,,,4011750000.0,2.45,,,,,,,,,,,,,,,,,,,,,,,,,,,,,,,,,,,,,,,,,,,,,,,,,,,,,,,
CSCO,2025-07-31,12M,USD,1028000000.0,1028000000.0,3976000000.0,2.63,19864000000.0,1028000000.0,1028000000.0,3998000000.0,2.61,10180000000.0,12693000000.0,15504000000.0,,,,,82000000.0,2992000000.0,36790000000.0,1593000000.0,1593000000.0,1001000000.0,1001000000.0,,10180000000.0,10180000000.0,10180000000.0,,10180000000.0,10180000000.0,10180000000.0,-592000000.0,-592000000.0,16166000000.0,10787054000.0,24286000000.0,12504000000.0,56654000000.0,2992000000.0,-812000000.0,-150000000.0,,,,11100000000.0,,18081000000.0,2811000000.0,9300000000.0,744000000.0,,10966000000.0,13958000000.0,-744000000.0,-54946000.0,920000000.0,0.083,44150000000.0,11760000000.0,,56654000000.0,-662000000.0,-662000000.0,
CSCO,2025-07-31,TTM,USD,,,3976000000.0,2.56,,,,3998000000.0,2.55,,,,,,,,,,,,,,,,,,,,,,,,,,,,,,,,,,,,,,,,,,,,,,,,,,,,,,,
CSCO,2025-10-31,TTM,USD,,,3967500000.0,2.6,,,,3993000000.0,2.59,,,,,,,,,,,,,,,,,,,,,,,,,,,,,,,,,,,,,,,,,,,,,,,,,,,,,,,
CSCO,2026-01-31,TTM,USD,960000000.0,960000000.0,3960500000.0,2.8,20779000000.0,960000000.0,960000000.0,3987500000.0,2.78,11076000000.0,14474000000.0,17000000000.0,,,,,284000000.0,2866000000.0,38275000000.0,1491000000.0,1491000000.0,909000000.0,909000000.0,,11076000000.0,11076000000.0,11076000000.0,,11076000000.0,11076000000.0,11076000000.0,-582000000.0,-582000000.0,16968000000.0,11048700300.39282,24590000000.0,13685000000.0,59054000000.0,2866000000.0,-120000000.0,-152000000.0,,,,12983000000.0,,19213000000.0,2526000000.0,9470000000.0,252000000.0,,11294000000.0,14160000000.0,-252000000.0,4700300.392821,1907000000.0,0.146884,45369000000.0,13433000000.0,,59054000000.0,32000000.0,32000000.0,
GOOGL,2022-12-31,12M,USD,,,13063000000.0,4.59,126203000000.0,,,13159000000.0,4.56,59972000000.0,71685000000.0,85160000000.0,-337000000.0,,,,-6173000000.0,15724000000.0,156633000000.0,357000000.0,357000000.0,2174000000.0,,,59972000000.0,59972000000.0,59972000000.0,,59972000000.0,59972000000.0,59972000000.0,1817000000.0,1817000000.0,91333000000.0,65163493000.0,81791000000.0,74842000000.0,282836000000.0,15724000000.0,-5331000000.0,1179000000.0,,,,71328000000.0,,126203000000.0,13475000000.0,39500000000.0,,,26567000000.0,42291000000.0,-337000000.0,-981507000.0,11356000000.0,0.159,207994000000.0,74842000000.0,,282836000000.0,-6173000000.0,-6173000000.0,337000000.0
GOOGL,2023-09-30,TTM,USD,,,12721896469.0,5.25,,,,12802045330.0,5.22,,,,,,,,,,,,,,,,,,,,,,,,,,,,,,,,,,,,,,,,,,,,,,,,,,,,,,,
GOOGL,2023-12-31,12M,USD,,,12630000000.0,5.84,133332000000.0,,,12722000000.0,5.8,73795000000.0,86025000000.0,97971000000.0,-628000000.0,,,,-2061000000.0,16425000000.0,174062000000.0,308000000.0,308000000.0,3865000000.0,,,73795000000.0,73795000000.0,73795000000.0,,73795000000.0,73795000000.0,73795000000.0,3557000000.0,3557000000.0,100032000000.0,75569521000.0,89769000000.0,84293000000.0,307394000000.0,16425000000.0,-2133000000.0,556000000.0,,,,85717000000.0,,133332000000.0,11946000000.0,45427000000.0,,,27917000000.0,44342000000.0,-628000000.0,-286479000.0,11922000000.0,0.139,223101000000.0,84293000000.0,,307394000000.0,-2061000000.0,-2061000000.0,628000000.0
GOOGL,2023-12-31,TTM,USD,,,12630000000.0,5.84,,,,12722000000.0,5.8,,,,,,,,,,,,,,,,,,,,,,,,,,,,,,,,,,,,,,,,,,,,,,,,,,,,,,,
GOOGL,2024-03-31,TTM,USD,,,12538500000.0,6.57,,,,12644500000.0,6.52,,,,,,,,,,,,,,,,,,,,,,,,,,,,,,,,,,,,,,,,,,,,,,,,,,,,,,,
GOOGL,2024-06-30,TTM,USD,,,12457000000.0,7.03,,,,12580500000.0,6.97,,,,,,,,,,,,,,,,,,,,,,,,,,,,,,,,,,,,,,,,,,,,,,,,,,,,,,,
GOOGL,2024-09-30,TTM,USD,,,12384000000.0,7.61,,,,12511250000.0,7.54,,,,,,,,,,,,,,,,,,,,,,,,,,,,,,,,,,,,,,,,,,,,,,,,,,,,,,,
GOOGL,2024-12-31,12M,USD,,,12319000000.0,8.13,146306000000.0,,,12447000000.0,8.04,100118000000.0,120083000000.0,135394000000.0,-188000000.0,,,,2262000000.0,14188000000.0,203712000000.0,268000000.0,268000000.0,4482000000.0,,,100118000000.0,100118000000.0,100118000000.0,,100118000000.0,100118000000.0,100118000000.0,4214000000.0,4214000000.0,133132000000.0,98226968000.0,91322000000.0,112390000000.0,350018000000.0,14188000000.0,3211000000.0,1137000000.0,,,,119815000000.0,,146306000000.0,15311000000.0,49326000000.0,,,27808000000.0,41996000000.0,-188000000.0,370968000.0,19697000000.0,0.164,237628000000.0,112390000000.0,,350018000000.0,2262000000.0,2262000000.0,188000000.0
GOOGL,2024-12-31,TTM,USD,,,12319000000.0,8.13,,,,12447000000.0,8.04,,,,,,,,,,,,,,,,,,,,,,,,,,,,,,,,,,,,,,,,,,,,,,,,,,,,,,,
GOOGL,2025-03-31,TTM,USD,,,12261000000.0,9.06,,,,12261000000.0,8.96,,,,,,,,,,,,,,,,,,,,,,,,,,,,,,,,,,,,,,,,,,,,,,,,,,,,,,,
GOOGL,2025-06-30,TTM,USD,,,12206000000.0,9.47,152487000000.0,,,12314000000.0,9.38,115573000000.0,140073000000.0,157748000000.0,,,,,13152000000.0,16752000000.0,218912000000.0,402000000.0,402000000.0,4382000000.0,4382000000.0,,115573000000.0,115573000000.0,115573000000.0,,115573000000.0,115573000000.0,115573000000.0,3980000000.0,3980000000.0,144393000000.0,104522191922.44632,97542000000.0,121370000000.0,371399000000.0,16752000000.0,14321000000.0,966000000.0,,,,139671000000.0,,152487000000.0,17675000000.0,52927000000.0,,,27863000000.0,44615000000.0,203000000.0,2304191922.44632,24098000000.0,0.172534,250029000000.0,121370000000.0,,371399000000.0,13355000000.0,13355000000.0,-203000000.0
GOOGL,2025-09-30,TTM,USD,,,12154750000.0,10.23,,,,12259500000.0,10.13,,,,,,,,,,,,,,,,,,,,,,,,,,,,,,,,,,,,,,,,,,,,,,,,,,,,,,,
GOOGL,2025-12-31,12M,USD,,,12116000000.0,10.91,162535000000.0,,,12230000000.0,10.81,132170000000.0,159562000000.0,180698000000.0,281000000.0,,,,24238000000.0,21482000000.0,240301000000.0,736000000.0,736000000.0,4337000000.0,,,132170000000.0,132170000000.0,132170000000.0,,132170000000.0,132170000000.0,132170000000.0,3601000000.0,3601000000.0,156460000000.0,112003984000.0,111262000000.0,129039000000.0,402836000000.0,21482000000.0,26186000000.0,1667000000.0,,,,158826000000.0,,162535000000.0,21136000000.0,61087000000.0,,,28693000000.0,50175000000.0,281000000.0,4071984000.0,26656000000.0,0.168,273797000000.0,129039000000.0,,402836000000.0,24238000000.0,24238000000.0,-281000000.0
GOOGL,2025-12-31,TTM,USD,,,12116000000.0,10.91,,,,12230000000.0,10.81,,,,,,,,,,,,,,,,,,,,,,,,,,,,,,,,,,,,,,,,,,,,,,,,,,,,,,,
GOOGL,2026-03-31,TTM,USD,,,12095000000.0,13.24,167445000000.0,,,12216750000.0,13.11,160208000000.0,195684000000.0,218815000000.0,363000000.0,,,,51334000000.0,22234000000.0,255053000000.0,1235000000.0,1235000000.0,4717000000.0,4717000000.0,,160208000000.0,160208000000.0,160208000000.0,,160208000000.0,160208000000.0,160208000000.0,3482000000.0,3482000000.0,167481000000.0,117913529614.44904,116924000000.0,138129000000.0,422498000000.0,22234000000.0,52838000000.0,1141000000.0,,,,194449000000.0,,167445000000.0,23131000000.0,64563000000.0,,,30127000000.0,52361000000.0,,9039529614.449034,34241000000.0,0.176092,284369000000.0,138129000000.0,,422498000000.0,51334000000.0,51334000000.0,
META,2021-12-31,12M,USD,,,,,,,,,,,,,,,,,,,,,,,,,,,,,,,,,,,,,,,,,,,,,,,,,,,,,,0.0,,,,,,,,,,
META,2022-12-31,12M,USD,,,2687000000.0,8.63,25249000000.0,,,2702000000.0,8.59,23200000000.0,29004000000.0,37690000000.0,,,,,-81000000.0,11816000000.0,91360000000.0,185000000.0,185000000.0,461000000.0,461000000.0,,23200000000.0,23200000000.0,23200000000.0,,23200000000.0,23200000000.0,23200000000.0,276000000.0,276000000.0,37771000000.0,23265205000.0,62416000000.0,28944000000.0,115801000000.0,11816000000.0,-401000000.0,-320000000.0,,,,28819000000.0,,25249000000.0,8686000000.0,35338000000.0,,,15262000000.0,27078000000.0,,-15795000.0,5619000000.0,0.195,87665000000.0,28944000000.0,320000000.0,116609000000.0,-81000000.0,-81000000.0,
META,2023-09-30,TTM,USD,,,2592500000.0,11.5,,,,2630750000.0,11.33,,,,,,,,,,,,,,,,,,,,,,,,,,,,,,,,,,,,,,,,,,,,,,,,,,,,,,,
META,2023-12-31,12M,USD,,,2574000000.0,15.19,25959000000.0,,,2629000000.0,14.87,39098000000.0,47874000000.0,59052000000.0,,,,,-366000000.0,11408000000.0,108943000000.0,446000000.0,446000000.0,1639000000.0,1639000000.0,,39098000000.0,39098000000.0,39098000000.0,,39098000000.0,39098000000.0,39098000000.0,1193000000.0,1193000000.0,59418000000.0,39399584000.0,62192000000.0,46751000000.0,133844000000.0,11408000000.0,-516000000.0,-150000000.0,,,,47428000000.0,,25959000000.0,11178000000.0,38483000000.0,,,12301000000.0,23709000000.0,,-64416000.0,8330000000.0,0.176,88151000000.0,46751000000.0,150000000.0,134902000000.0,-366000000.0,-366000000.0,
META,2023-12-31,TTM,USD,,,2574000000.0,15.19,,,,2629000000.0,14.87,,,,,,,,,,,,,,,,,,,,,,,,,,,,,,,,,,,,,,,,,,,,,,,,,,,,,,,
META,2024-03-31,TTM,USD,,,2563500000.0,17.84,,,,2636250000.0,17.38,,,,,,,,,,,,,,,,,,,,,,,,,,,,,,,,,,,,,,,,,,,,,,,,,,,,,,,
META,2024-06-30,TTM,USD,,,2555500000.0,20.12,,,,2636500000.0,19.55,,,,,,,,,,,,,,,,,,,,,,,,,,,,,,,,,,,,,,,,,,,,,,,,,,,,,,,
META,2024-09-30,TTM,USD,,,2543250000.0,21.83,,,,2623000000.0,21.19,,,,,,,,,,,,,,,,,,,,,,,,,,,,,,,,,,,,,,,,,,,,,,,,,,,,,,,
META,2024-12-31,12M,USD,,,2534000000.0,24.61,30161000000.0,,,2614000000.0,23.86,62360000000.0,71378000000.0,86876000000.0,,,,,-690000000.0,9740000000.0,134340000000.0,715000000.0,715000000.0,2517000000.0,2517000000.0,,62360000000.0,62360000000.0,62360000000.0,,62360000000.0,62360000000.0,62360000000.0,1802000000.0,1802000000.0,87566000000.0,62968924047.945885,64960000000.0,69380000000.0,162779000000.0,9740000000.0,-519000000.0,171000000.0,,,,70663000000.0,,30161000000.0,15498000000.0,43873000000.0,,,11347000000.0,21087000000.0,,-81075952.054116,8303000000.0,0.117501,95121000000.0,69380000000.0,-171000000.0,164501000000.0,-690000000.0,-690000000.0,
META,2025-03-31,TTM,USD,,,2529500000.0,26.34,,,,2605250000.0,25.58,,,,,,,,,,,,,,,,,,,,,,,,,,,,,,,,,,,,,,,,,,,,,,,,,,,,,,,
META,2025-06-30,TTM,USD,,,2525000000.0,28.31,32276000000.0,,,2594500000.0,27.56,71507000000.0,81231000000.0,97960000000.0,,,,,53000000.0,7569000000.0,146528000000.0,941000000.0,941000000.0,2531000000.0,2531000000.0,,71507000000.0,71507000000.0,71507000000.0,,71507000000.0,71507000000.0,71507000000.0,1525000000.0,1525000000.0,97907000000.0,71459797720.76224,67816000000.0,78712000000.0,176758000000.0,7569000000.0,53000000.0,,,,,80290000000.0,,32276000000.0,16729000000.0,48450000000.0,,,11797000000.0,19366000000.0,,5797720.762237,8783000000.0,0.109391,100092000000.0,78712000000.0,65000000.0,178804000000.0,53000000.0,53000000.0,
META,2025-09-30,TTM,USD,,,2522000000.0,23.2,,,,2586250000.0,22.6,,,,,,,,,,,,,,,,,,,,,,,,,,,,,,,,,,,,,,,,,,,,,,,,,,,,,,,
META,2025-12-31,12M,USD,,,2521000000.0,23.98,36175000000.0,,,2574000000.0,23.49,60458000000.0,87097000000.0,105713000000.0,,,,,352000000.0,12152000000.0,164791000000.0,1165000000.0,1165000000.0,2123000000.0,2123000000.0,,60458000000.0,60458000000.0,60458000000.0,,60458000000.0,60458000000.0,60458000000.0,958000000.0,958000000.0,105361000000.0,60210348182.28367,81515000000.0,83276000000.0,198382000000.0,12152000000.0,1698000000.0,1346000000.0,,,,85932000000.0,,36175000000.0,18616000000.0,57372000000.0,,,11991000000.0,24143000000.0,,104348182.283666,25474000000.0,0.296444,117690000000.0,83276000000.0,-1346000000.0,200966000000.0,352000000.0,352000000.0,
META,2025-12-31,TTM,USD,,,2521000000.0,23.98,,,,2574000000.0,23.49,,,,,,,,,,,,,,,,,,,,,,,,,,,,,,,,,,,,,,,,,,,,,,,,,,,,,,,
META,2026-03-31,TTM,USD,,,2522750000.0,27.96,38821000000.0,,,2567500000.0,27.5,70587000000.0,90789000000.0,111504000000.0,,,,,-1359000000.0,12486000000.0,176142000000.0,1487000000.0,1487000000.0,2209000000.0,2209000000.0,,70587000000.0,70587000000.0,70587000000.0,,70587000000.0,70587000000.0,70587000000.0,722000000.0,722000000.0,112863000000.0,71661194676.49101,87549000000.0,88593000000.0,212004000000.0,12486000000.0,-13000000.0,,,,,89302000000.0,,38821000000.0,20715000000.0,62921000000.0,,,12142000000.0,24628000000.0,,-284805323.508992,18715000000.0,0.20957,126370000000.0,88593000000.0,,214963000000.0,-1359000000.0,-1359000000.0,
MSFT,2022-06-30,12M,USD,,,7496000000.0,9.7,62650000000.0,,,7540000000.0,9.65,72738000000.0,85779000000.0,100239000000.0,,,,,435000000.0,5900000000.0,135620000000.0,2063000000.0,2063000000.0,2094000000.0,2094000000.0,,72738000000.0,72738000000.0,72738000000.0,,72738000000.0,72738000000.0,72738000000.0,31000000.0,31000000.0,99905000000.0,72447754000.0,52237000000.0,83383000000.0,198270000000.0,5900000000.0,302000000.0,-32000000.0,,,,83716000000.0,,62650000000.0,14460000000.0,24512000000.0,,,21825000000.0,27725000000.0,-101000000.0,43754000.0,10978000000.0,0.131,114887000000.0,83383000000.0,,198270000000.0,334000000.0,334000000.0,101000000.0
MSFT,2023-06-30,12M,USD,,,7446000000.0,9.72,65863000000.0,,,7472000000.0,9.68,72361000000.0,91279000000.0,105140000000.0,,,,,15000000.0,7575000000.0,146052000000.0,1968000000.0,1968000000.0,2994000000.0,2994000000.0,,72361000000.0,72361000000.0,72361000000.0,,72361000000.0,72361000000.0,72361000000.0,1026000000.0,1026000000.0,105155000000.0,72373150000.0,57529000000.0,88523000000.0,211915000000.0,7575000000.0,-238000000.0,-223000000.0,,,,89311000000.0,,65863000000.0,13861000000.0,27195000000.0,,,22759000000.0,30334000000.0,-30000000.0,-2850000.0,16950000000.0,0.19,123392000000.0,88523000000.0,,211915000000.0,-15000000.0,-15000000.0,30000000.0
MSFT,2023-09-30,TTM,USD,,,7439000000.0,10.37,,,,7466250000.0,10.32,,,,,,,,,,,,,,,,,,,,,,,,,,,,,,,,,,,,,,,,,,,,,,,,,,,,,,,
MSFT,2023-12-31,TTM,USD,,,7434500000.0,11.1,,,,7465000000.0,11.06,,,,,,,,,,,,,,,,,,,,,,,,,,,,,,,,,,,,,,,,,,,,,,,,,,,,,,,
MSFT,2024-03-31,TTM,USD,,,7431750000.0,11.6,,,,7466750000.0,11.54,,,,,,,,,,,,,,,,,,,,,,,,,,,,,,,,,,,,,,,,,,,,,,,,,,,,,,,
MSFT,2024-06-30,12M,USD,,,7431000000.0,11.86,74114000000.0,,,7469000000.0,11.8,88136000000.0,110722000000.0,133009000000.0,,,,,-343000000.0,7609000000.0,171008000000.0,2935000000.0,2935000000.0,3157000000.0,3157000000.0,,88136000000.0,88136000000.0,88136000000.0,,88136000000.0,88136000000.0,88136000000.0,222000000.0,222000000.0,133558000000.0,88585082000.0,61575000000.0,109433000000.0,245122000000.0,7609000000.0,-1868000000.0,-1319000000.0,,,,107787000000.0,,74114000000.0,22287000000.0,29510000000.0,,,24456000000.0,32065000000.0,-206000000.0,-99918000.0,19651000000.0,0.182,135689000000.0,109433000000.0,,245122000000.0,-549000000.0,-549000000.0,206000000.0
MSFT,2024-09-30,TTM,USD,,,7432000000.0,12.18,,,,7471000000.0,12.11,,,,,,,,,,,,,,,,,,,,,,,,,,,,,,,,,,,,,,,,,,,,,,,,,,,,,,,
MSFT,2024-12-31,TTM,USD,,,7432500000.0,12.48,,,,7471000000.0,12.41,,,,,,,,,,,,,,,,,,,,,,,,,,,,,,,,,,,,,,,,,,,,,,,,,,,,,,,
MSFT,2025-03-31,TTM,USD,,,7433250000.0,12.99,,,,7468250000.0,12.94,,,,,,,,,,,,,,,,,,,,,,,,,,,,,,,,,,,,,,,,,,,,,,,,,,,,,,,
MSFT,2025-06-30,12M,USD,,,7433000000.0,13.7,87831000000.0,,,7465000000.0,13.64,101832000000.0,126012000000.0,160165000000.0,,,,,505000000.0,7223000000.0,193893000000.0,2385000000.0,2385000000.0,2647000000.0,2647000000.0,,101832000000.0,101832000000.0,101832000000.0,,101832000000.0,101832000000.0,101832000000.0,262000000.0,262000000.0,160603000000.0,102192912000.0,65365000000.0,128528000000.0,281724000000.0,7223000000.0,-5163000000.0,-4725000000.0,,,,123627000000.0,,87831000000.0,34153000000.0,32488000000.0,,,25654000000.0,32877000000.0,-943000000.0,-77088000.0,21795000000.0,0.176,153196000000.0,128528000000.0,,281724000000.0,-438000000.0,-438000000.0,943000000.0
MSFT,2025-06-30,TTM,USD,,,7433000000.0,13.7,87831000000.0,,,7465000000.0,13.64,101832000000.0,126012000000.0,160165000000.0,,,,,505000000.0,7223000000.0,193893000000.0,2385000000.0,2385000000.0,2647000000.0,2647000000.0,,101832000000.0,101832000000.0,101832000000.0,,101832000000.0,101832000000.0,101832000000.0,262000000.0,262000000.0,160603000000.0,102192912000.0,65365000000.0,128528000000.0,281724000000.0,7223000000.0,-5163000000.0,-4725000000.0,,,,123627000000.0,,87831000000.0,34153000000.0,32488000000.0,,,25654000000.0,32877000000.0,-943000000.0,-77088000.0,21795000000.0,0.176,153196000000.0,128528000000.0,,281724000000.0,-438000000.0,-438000000.0,943000000.0
MSFT,2025-09-30,TTM,USD,,,7433000000.0,14.11,,,,7464000000.0,14.06,,,,,,,,,,,,,,,,,,,,,,,,,,,,,,,,,,,,,,,,,,,,,,,,,,,,,,,
MSFT,2025-12-31,TTM,USD,,,7432000000.0,16.05,,,,7462000000.0,15.98,,,,,,,,,,,,,,,,,,,,,,,,,,,,,,,,,,,,,,,,,,,,,,,,,,,,,,,
MSFT,2026-03-31,TTM,USD,,,7430000000.0,16.86,100863000000.0,,,7458250000.0,16.79,125216000000.0,157330000000.0,198879000000.0,,,,,2950000000.0,7659000000.0,217410000000.0,2827000000.0,2827000000.0,3315000000.0,3315000000.0,,125216000000.0,125216000000.0,125216000000.0,,125216000000.0,125216000000.0,125216000000.0,488000000.0,488000000.0,196084000000.0,122950809550.62361,68453000000.0,148957000000.0,318273000000.0,7659000000.0,5058000000.0,2263000000.0,,,,154503000000.0,,100863000000.0,41549000000.0,34394000000.0,,,26400000000.0,34059000000.0,-155000000.0,529809550.623612,29287000000.0,0.189556,169316000000.0,148957000000.0,,318273000000.0,2795000000.0,2795000000.0,155000000.0
NVDA,2022-01-31,12M,USD,,,,,,,,,,,,,,,,,,,,,,,,,,,,,,,,,,,,,,,,,,,,,,,,,,0.0,,,,0.0,,,,,,,,0.0,0.0,
NVDA,2023-01-31,12M,USD,,,24870000000.0,0.176,11618000000.0,,,25070000000.0,0.174,4368000000.0,4443000000.0,5986000000.0,,,,,,,15356000000.0,262000000.0,262000000.0,267000000.0,267000000.0,,4368000000.0,4368000000.0,4368000000.0,,4368000000.0,4368000000.0,4368000000.0,5000000.0,5000000.0,7339000000.0,5436870000.0,9779000000.0,5577000000.0,26974000000.0,,-1401000000.0,-48000000.0,,,,4181000000.0,,11618000000.0,1543000000.0,7339000000.0,1353000000.0,,,2440000000.0,-1353000000.0,-284130000.0,-187000000.0,0.21,21397000000.0,4224000000.0,,26974000000.0,-1353000000.0,-1353000000.0,
NVDA,2023-10-31,TTM,USD,,,2468250000.0,7.65,,,,2489750000.0,7.58,,,,,,,,,,,,,,,,,,,,,,,,,,,,,,,,,,,,,,,,,,,,,,,,,,,,,,,
NVDA,2024-01-31,12M,USD,,,24690000000.0,1.21,16621000000.0,,,24940000000.0,1.19,29760000000.0,34075000000.0,35583000000.0,,,,,,,44301000000.0,257000000.0,257000000.0,866000000.0,866000000.0,,29760000000.0,29760000000.0,29760000000.0,,29760000000.0,29760000000.0,29760000000.0,609000000.0,609000000.0,35583000000.0,29760000000.0,11329000000.0,32972000000.0,60922000000.0,,237000000.0,237000000.0,,,,33818000000.0,,16621000000.0,1508000000.0,8675000000.0,0.0,,,2654000000.0,0.0,0.0,4058000000.0,0.12,27950000000.0,32972000000.0,,60922000000.0,0.0,0.0,
NVDA,2024-01-31,TTM,USD,,,2469000000.0,12.05,,,,2494000000.0,11.93,,,,,,,,,,,,,,,,,,,,,,,,,,,,,,,,,,,,,,,,,,,,,,,,,,,,,,,
NVDA,2024-04-30,TTM,USD,,,24670000000.0,1.726,,,,24937500000.0,1.709,,,,,,,,,,,,,,,,,,,,,,,,,,,,,,,,,,,,,,,,,,,,,,,,,,,,,,,
NVDA,2024-07-31,TTM,USD,,,24631500000.0,2.155,,,,24900500000.0,2.133,,,,,,,,,,,,,,,,,,,,,,,,,,,,,,,,,,,,,,,,,,,,,,,,,,,,,,,
NVDA,2024-10-31,TTM,USD,,,24597750000.0,2.565,,,,24862750000.0,2.533,,,,,,,,,,,,,,,,,,,,,,,,,,,,,,,,,,,,,,,,,,,,,,,,,,,,,,,
NVDA,2025-01-31,12M,USD,,,24555000000.0,2.97,32639000000.0,,,24804000000.0,2.94,72880000000.0,84273000000.0,86137000000.0,,,,,,,97858000000.0,247000000.0,247000000.0,1786000000.0,1786000000.0,,72880000000.0,72880000000.0,72880000000.0,,72880000000.0,72880000000.0,72880000000.0,1539000000.0,1539000000.0,86137000000.0,72880000000.0,16405000000.0,81453000000.0,130497000000.0,,1034000000.0,1034000000.0,,,,84026000000.0,,32639000000.0,1864000000.0,12914000000.0,0.0,,,3491000000.0,0.0,0.0,11146000000.0,0.132649,49044000000.0,81453000000.0,,130497000000.0,0.0,0.0,
NVDA,2025-01-31,TTM,USD,,,24555000000.0,2.97,,,,24804000000.0,2.94,,,,,,,,,,,,,,,,,,,,,,,,,,,,,,,,,,,,,,,,,,,,,,,,,,,,,,,
NVDA,2025-04-30,TTM,USD,,,24510250000.0,3.14,,,,24734250000.0,3.1,,,,,,,,,,,,,,,,,,,,,,,,,,,,,,,,,,,,,,,,,,,,,,,,,,,,,,,
NVDA,2025-07-31,TTM,USD,,,24457500000.0,3.54,,,,24655000000.0,3.51,,,,,,,,,,,,,,,,,,,,,,,,,,,,,,,,,,,,,,,,,,,,,,,,,,,,,0.0,,
NVDA,2025-10-31,TTM,USD,,,24405750000.0,4.06,,,,24582750000.0,4.04,,,,,,,,,,,,,,,,,,,,,,,,,,,,,,,,,,,,,,,,,,,,,,,,,,,,,,,
NVDA,2026-01-31,12M,USD,,,24359000000.0,4.93,62475000000.0,,,24514000000.0,4.9,120067000000.0,141709000000.0,144552000000.0,,,,,,,153463000000.0,259000000.0,259000000.0,2300000000.0,2300000000.0,,120067000000.0,120067000000.0,120067000000.0,,120067000000.0,120067000000.0,120067000000.0,2041000000.0,2041000000.0,144552000000.0,120067000000.0,23076000000.0,130387000000.0,215938000000.0,,9022000000.0,9022000000.0,,,,141450000000.0,,62475000000.0,2843000000.0,18497000000.0,,,,4579000000.0,,0.0,21383000000.0,0.15117,85551000000.0,130387000000.0,,215938000000.0,,,
NVDA,2026-01-31,TTM,USD,,,24359000000.0,4.93,62475000000.0,,,24514000000.0,4.9,120067000000.0,141709000000.0,144552000000.0,,,,,,,153463000000.0,259000000.0,259000000.0,2300000000.0,2300000000.0,,120067000000.0,120067000000.0,120067000000.0,,120067000000.0,120067000000.0,120067000000.0,2041000000.0,2041000000.0,144552000000.0,120067000000.0,23076000000.0,130387000000.0,215938000000.0,,9022000000.0,9022000000.0,,,,141450000000.0,,62475000000.0,2843000000.0,18497000000.0,,,,4579000000.0,,0.0,21383000000.0,0.15117,85551000000.0,130387000000.0,,215938000000.0,,,
ORCL,2021-05-31,12M,USD,,,,,,,,,,,,,,,,,,,,,,,,,,,,,,,,,,,,,,,,,,129000000.0,,,,,,,,,,,,,,,,,,,,,,
ORCL,2022-05-31,12M,USD,1150000000.0,1150000000.0,2700000000.0,2.49,8877000000.0,1150000000.0,1150000000.0,2786000000.0,2.41,6717000000.0,10404000000.0,13526000000.0,-184000000.0,,,,-346000000.0,1317000000.0,33563000000.0,2755000000.0,2755000000.0,94000000.0,94000000.0,,6717000000.0,6717000000.0,6717000000.0,,6717000000.0,6717000000.0,6717000000.0,-2661000000.0,-2661000000.0,18776000000.0,11326500000.0,17733000000.0,15830000000.0,42440000000.0,1317000000.0,-5520000000.0,-86000000.0,4694000000.0,,,7649000000.0,,6905000000.0,3122000000.0,7219000000.0,4904000000.0,245000000.0,8047000000.0,9364000000.0,-4904000000.0,-640500000.0,932000000.0,0.122,26610000000.0,10926000000.0,,42440000000.0,-5250000000.0,-5250000000.0,
ORCL,2023-05-31,12M,USD,3582000000.0,3582000000.0,2696000000.0,3.15,13564000000.0,3582000000.0,3582000000.0,2766000000.0,3.07,8503000000.0,12631000000.0,18739000000.0,-165000000.0,,,,-576000000.0,1579000000.0,36390000000.0,3505000000.0,3505000000.0,285000000.0,285000000.0,,8503000000.0,8503000000.0,8503000000.0,,8503000000.0,8503000000.0,8503000000.0,-3220000000.0,-3220000000.0,19995000000.0,9673592000.0,22617000000.0,13773000000.0,49954000000.0,1579000000.0,-1427000000.0,-6000000.0,103000000.0,,,9126000000.0,,11038000000.0,6108000000.0,8623000000.0,680000000.0,363000000.0,8833000000.0,10412000000.0,-680000000.0,-85408000.0,623000000.0,0.068,36181000000.0,13093000000.0,,49954000000.0,-1256000000.0,-1256000000.0,
ORCL,2023-11-30,TTM,USD,,,2719500000.0,3.73,,,,2802500000.0,3.62,,,,,,,,,,,,,,,,,,,,,,,,,,,,,,,,,,,,,,,,,,,,,,,,,,,,,,,
ORCL,2024-02-29,TTM,USD,,,2732750000.0,3.89,,,,2813250000.0,3.79,,,,,,,,,,,,,,,,,,,,,,,,,,,,,,,,,,,,,,,,,,,,,,,,,,,,,,,
ORCL,2024-05-31,12M,USD,3010000000.0,3010000000.0,2744000000.0,3.82,15143000000.0,3010000000.0,3010000000.0,2823000000.0,3.71,10467000000.0,15255000000.0,21394000000.0,-186000000.0,,,,-531000000.0,1548000000.0,37818000000.0,3514000000.0,3514000000.0,451000000.0,451000000.0,,10467000000.0,10467000000.0,10467000000.0,,10467000000.0,10467000000.0,10467000000.0,-3063000000.0,-3063000000.0,22643000000.0,11579859000.0,21747000000.0,16071000000.0,52961000000.0,1181000000.0,-1267000000.0,168000000.0,,,,11741000000.0,,12014000000.0,6139000000.0,8915000000.0,718000000.0,367000000.0,8274000000.0,9822000000.0,-718000000.0,-136141000.0,1274000000.0,0.109,36890000000.0,15353000000.0,,52961000000.0,-1249000000.0,-1249000000.0,
ORCL,2024-05-31,TTM,USD,,,2744000000.0,3.82,,,,2823000000.0,3.71,,,,,,,,,,,,,,,,,,,,,,,,,,,,,,,,,,,,,,,,,,,,,,,,,,,,,,,
ORCL,2024-08-31,TTM,USD,,,2752250000.0,3.99,,,,2830000000.0,3.88,,,,,,,,,,,,,,,,,,,,,,,,,,,,,,,,,,,,,,,,,,,,,,,,,,,,,,,
ORCL,2024-11-30,TTM,USD,,,2763000000.0,4.21,,,,2843000000.0,4.09,,,,,,,,,,,,,,,,,,,,,,,,,,,,,,,,,,,,,,,,,,,,,,,,,,,,,,,
ORCL,2025-02-28,TTM,USD,,,2775500000.0,4.39,,,,2856750000.0,4.26,,,,,,,,,,,,,,,,,,,,,,,,,,,,,,,,,,,,,,,,,,,,,,,,,,,,,,,
ORCL,2025-05-31,12M,USD,2307000000.0,2307000000.0,2789000000.0,4.46,16927000000.0,2307000000.0,2307000000.0,2866000000.0,4.34,12443000000.0,17738000000.0,23912000000.0,-184000000.0,,,,-425000000.0,1602000000.0,40472000000.0,3578000000.0,3578000000.0,578000000.0,578000000.0,,12443000000.0,12443000000.0,12443000000.0,,12443000000.0,12443000000.0,12443000000.0,-3000000000.0,-3000000000.0,24711000000.0,13145321000.0,22420000000.0,18052000000.0,57399000000.0,1163000000.0,-892000000.0,91000000.0,,,,14160000000.0,,13060000000.0,6174000000.0,9860000000.0,374000000.0,439000000.0,8651000000.0,10253000000.0,-374000000.0,-96679000.0,1717000000.0,0.121,39347000000.0,17678000000.0,,57399000000.0,-799000000.0,-799000000.0,
ORCL,2025-08-31,TTM,USD,,,2805250000.0,4.44,,,,2880500000.0,4.32,,,,,,,,,,,,,,,,,,,,,,,,,,,,,,,,,,,,,,,,,,,,,,,,,,,,,,,
ORCL,2025-11-30,TTM,USD,,,2824000000.0,5.46,,,,2894000000.0,5.32,,,,,,,,,,,,,,,,,,,,,,,,,,,,,,,,,,,,,,,,,,,,,,,,,,,,,,,
ORCL,2026-02-28,TTM,USD,1783000000.0,1783000000.0,2843000000.0,5.69,21091000000.0,1783000000.0,1783000000.0,2902750000.0,5.57,16188000000.0,22475000000.0,30618000000.0,-192000000.0,,,,2231000000.0,1641000000.0,42985000000.0,4138000000.0,4138000000.0,651000000.0,651000000.0,,16210000000.0,16188000000.0,16210000000.0,,16210000000.0,16210000000.0,16210000000.0,-3487000000.0,-3487000000.0,29485000000.0,15208422315.536894,22305000000.0,20680000000.0,64076000000.0,1211000000.0,1144000000.0,203000000.0,,,,18337000000.0,,14731000000.0,8143000000.0,10312000000.0,1098000000.0,430000000.0,8569000000.0,10210000000.0,-1098000000.0,131422315.536893,2127000000.0,0.115995,43396000000.0,19582000000.0,,64076000000.0,1133000000.0,1133000000.0,
SAP,2022-12-31,12M,EUR,,,1170000000.0,1.96,8038000000.0,,,1175000000.0,1.95,2284000000.0,4911000000.0,6480000000.0,,,176000000.0,,-1338000000.0,1289000000.0,21482000000.0,398000000.0,398000000.0,203000000.0,203000000.0,576000000.0,2284000000.0,2284000000.0,3068000000.0,-1359000000.0,2284000000.0,3643000000.0,1709000000.0,-195000000.0,-195000000.0,7780000000.0,4526469975.625969,15431000000.0,6051000000.0,29519000000.0,1289000000.0,-1343000000.0,-43000000.0,116000000.0,,,4513000000.0,,8038000000.0,1569000000.0,6080000000.0,138000000.0,,7946000000.0,9235000000.0,38000000.0,-416530024.374031,1446000000.0,0.320408,23469000000.0,5914000000.0,143000000.0,29519000000.0,-1300000000.0,-1300000000.0,
SAP,2023-09-30,TTM,EUR,,,1167000000.0,4.59,,,,1178000000.0,4.55,,,,,,,,,,,,,,,,,,,,,,,,,,,,,,,,,,,,,,,,,,,,,,,,,,,,,,,
SAP,2023-12-31,12M,EUR,,,1167000000.0,5.23,8674000000.0,,,1180000000.0,5.17,6139000000.0,5980000000.0,7353000000.0,,,-12000000.0,,-98000000.0,1364000000.0,22534000000.0,639000000.0,639000000.0,486000000.0,486000000.0,175000000.0,6139000000.0,6139000000.0,3600000000.0,2363000000.0,6139000000.0,3776000000.0,5963000000.0,-311000000.0,-311000000.0,7666000000.0,3986971728.140798,16520000000.0,6014000000.0,31207000000.0,1364000000.0,-361000000.0,-48000000.0,4000000.0,,,5341000000.0,,8674000000.0,1373000000.0,6324000000.0,215000000.0,,8828000000.0,10192000000.0,-215000000.0,-102028271.859202,1741000000.0,0.325969,25194000000.0,5799000000.0,158000000.0,31207000000.0,-313000000.0,-313000000.0,
SAP,2023-12-31,TTM,EUR,,,1167000000.0,5.26,,,,1180000000.0,5.2,,,,,,,,,,,,,,,,,,,,,,,,,,,,,,,,,,,,,,,,,,,,,,,,,,,,,,,
SAP,2024-03-31,TTM,EUR,,,1167000000.0,4.14,,,,1181250000.0,4.08,,,,,,,,,,,,,,,,,,,,,,,,,,,,,,,,,,,,,,,,,,,,,,,,,,,,,,,
SAP,2024-06-30,TTM,EUR,,,1161500000.0,2.19,,,,1175000000.0,2.16,,,,,,,,,,,,,,,,,,,,,,,,,,,,,,,,,,,,,,,,,,,,,,,,,,,,,,,
SAP,2024-09-30,TTM,EUR,,,1158000000.0,2.36,,,,1171750000.0,2.32,,,,,,,,,,,,,,,,,,,,,,,,,,,,,,,,,,,,,,,,,,,,,,,,,,,,,,,
SAP,2024-12-31,12M,EUR,,,1166000000.0,2.68,9243000000.0,,,1180000000.0,2.65,3124000000.0,5309000000.0,6589000000.0,,,-18000000.0,,216000000.0,1435000000.0,24932000000.0,545000000.0,545000000.0,631000000.0,631000000.0,-26000000.0,3124000000.0,3124000000.0,3150000000.0,0.0,3124000000.0,3124000000.0,3150000000.0,-64000000.0,-64000000.0,9517000000.0,5059408000.0,17124000000.0,7808000000.0,34176000000.0,1435000000.0,-2980000000.0,-52000000.0,85000000.0,,,4764000000.0,,9243000000.0,1280000000.0,6514000000.0,3144000000.0,,9090000000.0,10525000000.0,-3144000000.0,-992592000.0,1614000000.0,0.339,26367000000.0,4665000000.0,150000000.0,34176000000.0,-2928000000.0,-2928000000.0,
SAP,2024-12-31,TTM,EUR,,,1166000000.0,2.68,,,,1180000000.0,2.65,,,,,,,,,,,,,,,,,,,,,,,,,,,,,,,,,,,,,,,,,,,,,,,,,,,,,,,
SAP,2025-03-31,TTM,EUR,,,1166000000.0,4.91,,,,1182500000.0,4.87,,,,,,,,,,,,,,,,,,,,,,,,,,,,,,,,,,,,,,,,,,,,,,,,,,,,,,,
SAP,2025-06-30,TTM,EUR,,,1166000000.0,5.61,9506000000.0,,,1178500000.0,5.56,6541000000.0,10420000000.0,11742000000.0,,,,,,1458000000.0,26380000000.0,1093000000.0,1093000000.0,1540000000.0,1540000000.0,-60000000.0,6541000000.0,6541000000.0,6601000000.0,,6541000000.0,6541000000.0,6601000000.0,447000000.0,447000000.0,12295000000.0,6932374825.774633,17073000000.0,9307000000.0,35887000000.0,1458000000.0,-427000000.0,126000000.0,95000000.0,,,9327000000.0,,9506000000.0,1322000000.0,6535000000.0,289000000.0,,8985000000.0,10443000000.0,-307000000.0,-161625174.225367,2726000000.0,0.29227,26579000000.0,9020000000.0,,35887000000.0,-553000000.0,-553000000.0,
SAP,2025-09-30,TTM,EUR,,,1165250000.0,6.07,,,,1177000000.0,6.03,,,,,,,,,,,,,,,,,,,,,,,,,,,,,,,,,,,,,,,,,,,,,,,,,,,,,,,
SAP,2025-12-31,12M,EUR,,,1166000000.0,6.14,9986000000.0,,,1175000000.0,6.1,7161000000.0,10762000000.0,12073000000.0,,,,,905000000.0,1633000000.0,26814000000.0,492000000.0,492000000.0,428000000.0,428000000.0,-165000000.0,7161000000.0,7161000000.0,7326000000.0,0.0,7161000000.0,7161000000.0,7326000000.0,-230000000.0,-230000000.0,11171000000.0,6517874000.0,17194000000.0,9620000000.0,36800000000.0,1633000000.0,879000000.0,-23000000.0,49000000.0,,,10270000000.0,,9986000000.0,1311000000.0,6633000000.0,3000000.0,,8879000000.0,10512000000.0,-3000000.0,258874000.0,2944000000.0,0.287,27180000000.0,9617000000.0,166000000.0,36800000000.0,902000000.0,902000000.0,
SAP,2025-12-31,TTM,EUR,,,1166000000.0,6.14,,,,1175000000.0,6.1,,,,,,,,,,,,,,,,,,,,,,,,,,,,,,,,,,,,,,,,,,,,,,,,,,,,,,,
SAP,2026-03-31,TTM,EUR,,,1165000000.0,6.28,10162000000.0,,,1172750000.0,6.24,7313000000.0,11052000000.0,12319000000.0,,,,,,1633000000.0,27180000000.0,504000000.0,504000000.0,297000000.0,297000000.0,-163000000.0,7313000000.0,7313000000.0,7476000000.0,,7313000000.0,7313000000.0,7476000000.0,-373000000.0,-373000000.0,11429000000.0,6682203640.500569,17141000000.0,10039000000.0,37342000000.0,1633000000.0,881000000.0,-9000000.0,63000000.0,,,10548000000.0,,10162000000.0,1267000000.0,6661000000.0,15000000.0,,8784000000.0,10417000000.0,-15000000.0,259203640.500569,3072000000.0,0.29124,27303000000.0,10025000000.0,,37342000000.0,890000000.0,890000000.0,
TSM,2021-12-31,12M,TWD,,,,,,,,,,,,,,,,,,,,,,,,,,,,,,,,,,,,,,,,,,,,,,,,,,,,,,,,,,,,-294000000.0,,,,1300000.0
TSM,2022-12-31,12M,TWD,,,5185838000.0,196.0,915536500000.0,,,5185838000.0,196.0,992923400000.0,1155822200000.0,1593076500000.0,7679800000.0,,0.0,,3473200000.0,53524800000.0,1348354800000.0,11750000000.0,,22422200000.0,22422200000.0,-371300000.0,992923400000.0,992923400000.0,993294700000.0,,992923400000.0,992923400000.0,993294700000.0,10672200000.0,10672200000.0,1589603300000.0,989907933710.3375,227128300000.0,1121226500000.0,2263891300000.0,53524800000.0,12173500000.0,1020500000.0,420800000.0,,,1144072200000.0,,915536500000.0,437254300000.0,163262200000.0,,,9920500000.0,63445300000.0,0.0,457733710.337512,150777500000.0,0.13179,1142664800000.0,1121278900000.0,,2263891300000.0,3473200000.0,3473200000.0,900000.0
TSM,2023-09-30,TTM,TWD,,,5185832800.0,168.15,,,,5185832800.0,168.15,,,,,,,,,,,,,,,,,,,,,,,,,,,,,,,,,,,,,,,,,,,,,,,,,,,,,,,
TSM,2023-12-31,12M,TWD,,,5185844600.0,161.7,986625200000.0,,,5185853400.0,161.7,851740000000.0,991315900000.0,1523506800000.0,4800200000.0,,15700000.0,,3363800000.0,60872800000.0,1175110600000.0,11999400000.0,,60293900000.0,60293900000.0,712300000.0,851740000000.0,851740000000.0,851027700000.0,,851740000000.0,851740000000.0,851027700000.0,48294500000.0,48294500000.0,1520127300000.0,848803208766.3691,253680700000.0,921429900000.0,2161735800000.0,60872800000.0,9592100000.0,1412400000.0,-153000000.0,,,979316500000.0,,986625200000.0,532190900000.0,182370200000.0,,,10590700000.0,71463500000.0,15700000.0,442708766.369197,128288800000.0,0.130998,1240305900000.0,921465600000.0,-48294000000.0,2161735800000.0,3379500000.0,3379500000.0,9500000.0
TSM,2024-03-31,TTM,TWD,,,5185848950.0,167.85,,,,5185879050.0,167.85,,,,,,,,,,,,,,,,,,,,,,,,,,,,,,,,,,,,,,,,,,,,,,,,,,,,,,,
TSM,2024-06-30,TTM,TWD,,,5185834100.0,180.55,,,,5185956900.0,180.55,,,,,,,,,,,,,,,,,,,,,,,,,,,,,,,,,,,,,,,,,,,,,,,,,,,,,,,
TSM,2024-09-30,TTM,TWD,,,5185669900.0,202.6,,,,5185915950.0,202.6,,,,,,,,,,,,,,,,,,,,,,,,,,,,,,,,,,,,,,,,,,,,,,,,,,,,,,,
TSM,2024-12-31,12M,TWD,,,5185511200.0,226.25,1269954100000.0,,,5185929000.0,226.25,1158380200000.0,1416335400000.0,2079132000000.0,4880700000.0,,7100000.0,,1113000000.0,83745000000.0,1624353600000.0,10495400000.0,,87213400000.0,87213400000.0,856300000.0,1158380200000.0,1158380200000.0,1157523900000.0,,1158380200000.0,1158380200000.0,1157523900000.0,76718000000.0,76718000000.0,2078011900000.0,1157457945319.2468,302350500000.0,1322003100000.0,2894307700000.0,83745000000.0,7118900000.0,1118100000.0,1280100000.0,,,1405840000000.0,,1269954100000.0,662796600000.0,204181800000.0,,,13143600000.0,96888600000.0,7100000.0,197845319.246856,248316100000.0,0.176632,1572304600000.0,1322053000000.0,-76718000000.0,2894307700000.0,1120100000.0,1120100000.0,
TSM,2025-03-31,TTM,TWD,,,5185396100.0,249.65,,,,5185892100.0,249.55,,,2259579144000.0,,,,,,,,,,,,1424153000.0,,,,,,1293891598000.0,,,82239121000.0,2257985280000.0,,,,3086439656000.0,92491662000.0,,,,,,1570192208000.0,,,,,,,,,,,,0.176511,,,,,,,
TSM,2025-06-30,TTM,TWD,,,5185360700.0,278.7,,,,5185783700.0,278.6,,,,,,,,,,,,,,,,,,,,,,,,,,,,,,,,,,,,,,,,,,,,,,,,,,,,,,,
TSM,2025-09-30,TTM,TWD,,,5185492850.0,303.15,,,,5185962200.0,303.1,,,,,,,,,,,,,,,,,,,,,,,,,,,,,,,,,,,,,,,,,,,,,,,,,,,,,,,
TSM,2025-12-31,12M,TWD,,,5185652400.0,331.3,1527760300000.0,,,5186111400.0,331.25,1697604000000.0,2054025100000.0,2742121500000.0,5488500000.0,,-168000000.0,,5548000000.0,82304300000.0,2281294000000.0,12370400000.0,,105739100000.0,105739100000.0,2479100000.0,1697604000000.0,1697604000000.0,1695124900000.0,,1697604000000.0,1697604000000.0,1695124900000.0,93368700000.0,93368700000.0,2736741500000.0,1693137146735.3418,345198400000.0,1936095600000.0,3809054300000.0,82304300000.0,12190400000.0,1321900000.0,-451200000.0,,,2041654700000.0,,1527760300000.0,688096400000.0,246427200000.0,,,16918100000.0,99222400000.0,-168000000.0,913146735.341681,346529800000.0,0.16973,1872958700000.0,1936091700000.0,,3809054300000.0,5380000000.0,5380000000.0,
TSM,2025-12-31,TTM,TWD,,,5185652400.0,331.3,,,,5186111400.0,331.25,,,,,,,,,,,,,,,,,,,,,,,,,,,,,,,,,,,,,,,,,,,,,,,,,,,,,,,
TSM,2026-03-31,TTM,TWD,,,5185870550.0,368.0,1564709712000.0,,,5186400000.0,368.0,1908519872000.0,2279418414000.0,2279418414000.0,,,,,,,2539193924000.0,,,,,,1908519872000.0,1908519872000.0,2022192239000.0,,1908519872000.0,1908519872000.0,2022192239000.0,,,2274267449000.0,1905429293000.0,,2187972432000.0,4103903636000.0,,,,,,,2298559288000.0,,1564709712000.0,,,,,,,,2060386000.0,,0.4,1823602204000.0,2187976892000.0,,4103903636000.0,5150965000.0,5150965000.0,
WIT,2022-03-31,12M,INR,,,,,555872000000.0,8309000000.0,8309000000.0,,,122191000000.0,156600000000.0,187511000000.0,57000000.0,,,,7498000000.0,46382000000.0,235062000000.0,5325000000.0,5325000000.0,13114000000.0,13114000000.0,-138000000.0,122191000000.0,,122329000000.0,,122191000000.0,122191000000.0,122329000000.0,,7789000000.0,180013000000.0,116127367400.0,99131000000.0,135931000000.0,790934000000.0,46382000000.0,7555000000.0,,-2186000000.0,,,151275000000.0,-797000000.0,555872000000.0,30911000000.0,,,67629000000.0,54935000000.0,101317000000.0,,1434367400.0,28946000000.0,0.1913,655003000000.0,140286000000.0,,790934000000.0,7498000000.0,7498000000.0,
WIT,2023-03-31,12M,INR,,,10954933146.0,10.365,645446000000.0,10095000000.0,10095000000.0,10977982350.0,10.34,113500000000.0,155481000000.0,188883000000.0,-57000000.0,,,33000000.0,5768000000.0,59139000000.0,259430000000.0,7824000000.0,7824000000.0,16889000000.0,16889000000.0,-165000000.0,113500000000.0,,113665000000.0,,113500000000.0,113500000000.0,113665000000.0,,6812000000.0,183115000000.0,109059793600.0,124296000000.0,135134000000.0,904876000000.0,59139000000.0,5711000000.0,,-602000000.0,,,147657000000.0,-602000000.0,645446000000.0,33402000000.0,,,80885000000.0,65157000000.0,124296000000.0,33000000.0,1327793600.0,33992000000.0,0.2302,769742000000.0,139606000000.0,2253000000.0,904876000000.0,5768000000.0,5768000000.0,
WIT,2023-09-30,TTM,INR,,,5419182943.0,21.48,,,,5430989486.0,21.43,,,,,,,,,,,,,,,,,,,,,,,,,,,,,,,,,,,,,,,,,,,,,,,,,,,,,,,
WIT,2024-03-31,12M,INR,,,10576571110.0,10.44,631497000000.0,11981000000.0,11981000000.0,10611424628.0,10.41,110452000000.0,155470000000.0,189541000000.0,-233000000.0,,,2029000000.0,4758000000.0,113334000000.0,266106000000.0,8260000000.0,8260000000.0,19478000000.0,19478000000.0,-669000000.0,110452000000.0,,111121000000.0,,110452000000.0,110452000000.0,111121000000.0,,6926000000.0,182754000000.0,105329172400.0,132376000000.0,133730000000.0,897603000000.0,23499000000.0,6554000000.0,,,,,147210000000.0,640000000.0,609407000000.0,34071000000.0,,,89835000000.0,6421000000.0,119755000000.0,2029000000.0,1664172400.0,36089000000.0,0.2452,763873000000.0,136099000000.0,4292000000.0,897603000000.0,6787000000.0,6787000000.0,
WIT,2024-03-31,TTM,INR,,,5288285555.0,20.89,,,,5305712314.0,20.82,,,,,,,,,,,,,,,,,,,,,,,,,,,,,,,,,,,,,,,,,,,,,,,,,,,,,,,
WIT,2024-06-30,TTM,INR,,,5224046287.0,21.41,,,,5224046287.0,21.41,,,,,,,,,,,,,,,,,,,,,,,,,,,,,,,,,,,,,,,,,,,,,,,,,,,,,,,
WIT,2024-09-30,TTM,INR,,,5222810394.0,22.48,,,,5240616236.0,22.4,,,,,,,,,,,,,,,,,,,,,,,,,,,,,,,,,,,,,,,,,,,,,,,,,,,,,,,
WIT,2024-12-31,TTM,INR,,,10451139302.0,11.865,,,,10482264504.0,11.83,,,,,,,,,,,,,,,,,,,,,,,,,,,,,,,,,,,,,,,,,,,,,,,,,,,,,,,
WIT,2025-03-31,12M,INR,,,10456741552.0,12.56,617802000000.0,8285000000.0,8285000000.0,10488939392.0,12.52,131354000000.0,184204000000.0,213783000000.0,254000000.0,,,553000000.0,11024000000.0,105867000000.0,273082000000.0,9247000000.0,9247000000.0,27210000000.0,27210000000.0,-826000000.0,131354000000.0,,132180000000.0,,131354000000.0,131354000000.0,132180000000.0,,12440000000.0,202206000000.0,122607576500.0,122396000000.0,150686000000.0,890884000000.0,25190000000.0,11831000000.0,,,,,174957000000.0,324000000.0,596508000000.0,29579000000.0,,,80677000000.0,7920000000.0,113787000000.0,553000000.0,2830576500.0,42777000000.0,0.2445,740198000000.0,151271000000.0,5523000000.0,890884000000.0,11577000000.0,11577000000.0,
WIT,2025-03-31,TTM,INR,,,10456741552.0,12.56,,,,10488939392.0,12.52,,,,,,,,,,,,,,,,,,,,,,,,,,,,,,,,,,,,,,,,,,,,,,,,,,,,,,,
WIT,2025-06-30,TTM,INR,,,10461874876.0,12.87,621743000000.0,,,10493580839.0,12.82,134626000000.0,186811000000.0,215956000000.0,349000000.0,,,,12649000000.0,104926000000.0,270849000000.0,9487000000.0,9487000000.0,28910000000.0,28910000000.0,-553000000.0,134626000000.0,134626000000.0,135179000000.0,,134626000000.0,134626000000.0,135179000000.0,13820000000.0,13820000000.0,202754000000.0,124561749486.8151,120896000000.0,149953000000.0,892592000000.0,24249000000.0,13551000000.0,,,,,177324000000.0,,621743000000.0,29145000000.0,,,,7361000000.0,112287000000.0,,3137749486.815096,42145000000.0,0.237672,742639000000.0,150926000000.0,5603000000.0,892592000000.0,13202000000.0,13202000000.0,
WIT,2025-09-30,TTM,INR,,,10467375446.0,12.9,,,,10496569224.0,12.85,,,,,,,,,,,,,,,,,,,,,,,,,,,,,,,,,,,,,,,,,,,,,,,,,,,,,,,
WIT,2025-12-31,TTM,INR,,,10472070336.0,12.67,,,,10502805645.0,12.62,,,,,,,,,,,,,,,,,,,,,,,,,,,,,,,,,,,,,,,,,,,,,,,,,,,,,,,
WIT,2026-03-31,12M,INR,,,10476247846.0,12.6,,,,10503422936.0,12.56,,,,,,,,,,,,,,,,,,,,,,,,,,,,,,,,,,,,,,,,,,,,,,,,,,,,,,,
WIT,2026-03-31,TTM,INR,,,10476247846.0,12.6,656192000000.0,,,10503422936.0,12.56,131974000000.0,181331000000.0,210438000000.0,257000000.0,,,,9977000000.0,61434000000.0,270048000000.0,7909000000.0,7909000000.0,28367000000.0,28367000000.0,-681000000.0,131974000000.0,131974000000.0,132655000000.0,,131974000000.0,131974000000.0,132655000000.0,13790000000.0,13790000000.0,200461000000.0,124342333112.29256,120650000000.0,149398000000.0,926240000000.0,61434000000.0,10234000000.0,,,,,173422000000.0,,656192000000.0,29107000000.0,,,,59216000000.0,120650000000.0,,2345333112.292558,40767000000.0,0.235074,776842000000.0,151251000000.0,6668000000.0,926240000000.0,9977000000.0,9977000000.0,
